Datum;Eroeffnung;Hoch;Tief;Schluss;Volumen
  15.02.2011;139,45;139,45;138,98;138,98;264
  16.02.2011;138,96;138,96;138,96;138,96;52
  17.02.2011;139,19;139,19;139,19;139,19;250
  18.02.2011;139,49;140,31;139,49;140,31;153
  21.02.2011;139,65;139,65;138,07;138,07;356
  22.02.2011;137,74;137,74;137,74;137,74;43
  23.02.2011;136,85;136,85;136,68;136,68;190
  24.02.2011;136,68;136,68;136,68;136,68;40
  25.02.2011;135,79;136,49;135,79;136,49;75
  28.02.2011;137,36;137,36;136,46;136,90;404
  01.03.2011;136,90;136,90;136,90;136,90;77
  02.03.2011;136,90;136,90;136,90;136,90;77
  03.03.2011;136,95;137,96;136,86;137,11;536
  04.03.2011;137,11;137,11;137,11;137,11;34
  07.03.2011;137,11;137,11;137,11;137,11;17
  08.03.2011;136,32;136,32;136,32;136,32;5
  09.03.2011;136,32;136,32;136,32;136,32;5
  10.03.2011;136,32;136,32;136,32;136,32;5
  11.03.2011;133,58;134,48;133,58;134,48;65
  14.03.2011;133,54;133,54;130,27;131,66;820
  15.03.2011;130,85;131,69;128,02;130,16;1.108
  16.03.2011;129,45;132,48;129,45;132,17;295
  17.03.2011;128,73;130,75;128,73;130,75;95
  18.03.2011;129,85;131,64;129,85;131,64;118
  21.03.2011;133,47;133,47;132,65;132,65;124
  22.03.2011;133,19;133,51;131,41;133,51;104
  23.03.2011;132,51;132,51;132,51;132,51;75
  24.03.2011;133,72;133,72;133,72;133,72;50
  25.03.2011;133,72;133,72;133,72;133,72;50
  28.03.2011;133,72;133,72;133,72;133,72;50
  29.03.2011;133,72;133,72;133,72;133,72;50
  30.03.2011;133,72;133,72;133,72;133,72;50
  31.03.2011;136,75;136,75;136,75;136,75;100
  01.04.2011;136,75;136,75;136,75;136,75;100
  04.04.2011;136,75;136,75;136,02;136,02;65
  05.04.2011;135,98;136,85;135,98;136,85;153
  06.04.2011;136,34;136,59;135,36;135,36;92
  07.04.2011;136,07;136,07;136,07;136,07;71
  11.04.2011;136,41;136,41;136,41;136,41;20
  13.04.2011;134,84;134,84;133,70;133,70;140
  14.04.2011;132,66;132,66;132,17;132,17;60
  18.04.2011;132,32;132,32;132,32;132,32;40
  19.04.2011;133,01;133,81;132,83;132,93;200
  20.04.2011;133,84;133,84;133,84;133,84;38
  26.04.2011;136,40;136,40;135,49;135,49;231
  28.04.2011;134,55;135,48;134,55;134,57;124
  29.04.2011;135,44;135,44;135,44;135,44;3
  02.05.2011;134,61;134,61;134,53;134,53;92
  04.05.2011;134,10;134,10;134,10;134,10;8
  06.05.2011;132,43;132,43;132,43;132,43;35
  11.05.2011;136,71;136,71;134,78;135,53;110
  12.05.2011;133,24;135,05;133,24;135,05;52
  13.05.2011;134,91;134,91;134,91;134,91;78
  16.05.2011;134,59;134,59;134,58;134,58;56
  17.05.2011;132,79;132,79;132,79;132,79;80
  20.05.2011;134,49;134,49;134,49;134,49;78
  23.05.2011;133,31;133,76;132,76;132,76;592
  24.05.2011;132,60;133,70;132,60;133,70;90
  30.05.2011;136,34;136,34;136,34;136,34;3
  31.05.2011;135,20;135,45;135,20;135,45;312
  02.06.2011;134,59;134,59;134,59;134,59;79
  03.06.2011;134,47;134,47;134,47;134,47;50
  08.06.2011;130,96;130,96;130,96;130,96;36
  14.06.2011;132,31;132,31;132,31;132,31;80
  22.06.2011;131,32;131,32;131,32;131,32;10
  24.06.2011;131,09;131,65;131,09;131,65;90
  28.06.2011;130,20;130,20;130,20;130,20;162
  01.07.2011;132,96;132,96;132,96;132,96;158
  04.07.2011;133,60;133,60;133,60;133,60;60
  05.07.2011;133,85;133,85;133,85;133,85;20
  08.07.2011;134,51;134,51;134,51;134,51;23
  12.07.2011;133,03;133,03;133,02;133,02;80
  14.07.2011;134,22;134,22;134,22;134,22;70
  18.07.2011;131,93;131,94;131,93;131,94;100
  19.07.2011;133,18;133,18;133,18;133,18;158
  25.07.2011;133,64;133,64;133,64;133,64;31
  28.07.2011;131,43;131,43;131,43;131,43;40
  02.08.2011;130,36;130,93;128,87;128,87;81
  03.08.2011;130,20;130,20;130,20;130,20;50
  04.08.2011;129,90;129,90;129,90;129,90;3
  05.08.2011;122,82;125,38;120,89;124,99;862
  08.08.2011;118,51;124,88;118,51;120,49;1.306
  09.08.2011;116,65;123,17;116,65;123,17;321
  10.08.2011;122,85;125,13;121,24;121,24;219
  11.08.2011;121,98;121,98;120,58;120,58;50
  12.08.2011;121,91;123,85;121,91;123,77;113
  15.08.2011;126,84;127,03;126,84;126,97;160
  18.08.2011;123,76;123,76;123,38;123,38;196
  19.08.2011;121,28;123,81;119,51;122,67;485
  22.08.2011;119,04;119,04;119,04;119,04;10
  23.08.2011;124,00;124,00;124,00;124,00;4
  24.08.2011;124,50;124,50;124,50;124,50;20
  25.08.2011;123,54;123,54;123,54;123,54;52
  26.08.2011;122,00;122,00;121,76;121,76;450
  29.08.2011;123,12;123,12;122,54;122,54;118
  30.08.2011;126,23;126,23;126,23;126,23;17
  02.09.2011;125,93;125,93;125,93;125,93;80
  05.09.2011;125,83;125,83;125,83;125,83;8
  07.09.2011;126,46;126,46;126,46;126,46;12
  08.09.2011;127,19;127,19;127,19;127,19;70
  09.09.2011;128,12;128,13;128,12;128,12;118
  16.09.2011;128,74;128,74;127,08;127,17;291
  23.09.2011;119,08;122,98;119,07;122,98;162
  26.09.2011;120,00;120,00;120,00;120,00;11
  27.09.2011;123,50;125,03;123,50;125,03;5
  29.09.2011;125,29;125,29;125,29;125,29;80
  11.10.2011;124,60;124,60;122,59;122,59;110
  14.10.2011;124,28;124,28;124,28;124,28;24
  17.10.2011;123,93;123,93;123,93;123,93;16
  24.10.2011;124,32;125,00;124,32;125,00;52
  26.10.2011;125,12;125,12;125,12;125,12;30
  31.10.2011;127,95;127,95;127,95;127,95;40
  01.11.2011;123,05;123,05;123,05;123,05;48
  04.11.2011;127,34;127,48;127,34;127,48;85
  07.11.2011;126,54;126,54;126,54;126,54;48
  17.11.2011;124,43;124,43;124,43;124,43;2
  21.11.2011;123,10;123,10;121,70;121,83;584
  22.11.2011;120,56;120,56;120,56;120,56;87
  24.11.2011;119,33;119,36;119,33;119,36;60
  25.11.2011;119,51;119,51;119,39;119,39;52
  28.11.2011;120,22;120,23;120,22;120,23;109
  01.12.2011;125,59;125,59;124,32;124,32;45
  02.12.2011;126,14;126,16;126,14;126,16;120
  06.12.2011;126,61;126,61;126,61;126,61;40
  09.12.2011;123,94;123,94;123,94;123,94;8
  12.12.2011;125,74;125,74;125,74;125,74;30
  27.12.2011;126,17;127,00;126,12;127,00;197
  28.12.2011;127,00;127,00;127,00;127,00;30
  29.12.2011;125,31;125,31;125,31;125,31;27
  30.12.2011;125,80;125,80;125,80;125,80;16
  02.01.2012;128,29;128,66;128,29;128,66;451
  03.01.2012;128,69;128,69;128,69;128,69;121
  04.01.2012;127,89;127,89;127,89;127,89;117
  05.01.2012;130,30;130,30;130,30;130,30;40
  10.01.2012;130,87;131,22;130,87;131,20;295
  11.01.2012;133,15;133,15;131,25;131,25;112
  12.01.2012;131,59;131,59;131,59;131,59;20
  13.01.2012;132,19;132,64;131,72;131,72;127
  16.01.2012;132,07;132,15;132,07;132,15;306
  17.01.2012;133,64;133,64;133,64;133,64;123
  18.01.2012;133,85;133,85;133,26;133,26;29
  19.01.2012;133,52;134,23;133,52;133,60;139
  24.01.2012;133,00;133,02;133,00;133,02;63
  25.01.2012;134,82;134,82;134,82;134,82;10
  26.01.2012;133,96;133,96;133,96;133,96;84
  30.01.2012;133,00;133,00;133,00;133,00;34
  01.02.2012;133,89;133,89;133,89;133,89;31
  02.02.2012;134,18;134,25;134,18;134,25;176
  03.02.2012;134,91;134,91;134,91;134,91;35
  06.02.2012;137,44;137,44;135,37;136,13;331
  07.02.2012;136,09;136,09;136,09;136,09;114
  10.02.2012;134,63;134,63;134,63;134,63;43
  13.02.2012;135,32;135,32;135,32;135,32;40
  14.02.2012;135,19;135,19;135,19;135,19;37
  15.02.2012;136,94;136,94;136,94;136,94;80
  21.02.2012;136,59;136,59;136,59;136,59;17
  23.02.2012;137,02;137,02;137,02;137,02;11
  24.02.2012;136,44;136,44;136,43;136,43;22
  29.02.2012;135,97;135,97;135,97;135,97;35
  01.03.2012;137,17;137,17;137,17;137,17;2
  02.03.2012;137,49;137,49;137,48;137,48;310
  05.03.2012;136,70;137,40;136,70;137,40;124
  06.03.2012;135,68;135,68;135,68;135,68;146
  07.03.2012;135,59;135,59;135,59;135,59;90
  09.03.2012;136,98;136,98;136,98;136,98;3
  12.03.2012;135,97;135,97;135,97;135,97;3
  13.03.2012;137,32;138,54;137,32;138,00;412
  16.03.2012;138,50;138,50;138,50;138,50;50
  19.03.2012;139,20;139,20;139,20;139,20;72
  22.03.2012;136,90;136,90;136,90;136,90;2
  23.03.2012;135,09;135,09;135,09;135,09;76
  27.03.2012;137,15;137,15;137,15;137,15;14
  30.03.2012;134,92;134,92;134,92;134,92;130
  10.04.2012;134,01;134,20;131,44;132,12;470
  12.04.2012;133,86;133,86;133,86;133,86;75
  13.04.2012;133,98;133,98;133,98;133,98;50
  23.04.2012;134,24;134,24;132,19;132,19;34
  25.04.2012;133,01;134,92;133,01;134,92;15
  02.05.2012;134,28;134,28;133,08;133,08;106
  07.05.2012;133,17;133,17;133,17;133,17;20
  08.05.2012;133,39;133,39;133,39;133,39;10
  09.05.2012;133,38;133,38;133,38;133,38;7
  10.05.2012;133,61;133,61;133,61;133,61;15
  15.05.2012;132,10;132,10;132,10;132,10;74
  16.05.2012;130,03;131,29;130,03;131,29;181
  17.05.2012;131,23;131,23;131,23;131,23;19
  18.05.2012;129,39;129,42;127,48;129,42;302
  22.05.2012;131,33;131,33;130,20;130,20;60
  25.05.2012;130,00;130,00;130,00;130,00;25
  28.05.2012;131,68;131,68;131,68;131,68;25
  30.05.2012;131,08;131,93;131,08;131,93;201
  04.06.2012;128,70;129,23;128,28;128,28;427
  05.06.2012;129,87;130,09;129,87;130,09;80
  07.06.2012;130,94;130,94;130,94;130,94;30
  08.06.2012;131,12;131,13;131,12;131,13;238
  11.06.2012;131,60;131,60;131,60;131,60;50
  21.06.2012;133,25;133,25;133,25;133,25;25
  22.06.2012;131,79;131,79;131,79;131,79;150
  27.06.2012;131,79;131,79;131,79;131,79;6
  29.06.2012;133,04;133,04;133,04;133,04;40
  02.07.2012;133,59;133,59;133,50;133,50;159
  05.07.2012;136,09;136,09;136,09;136,09;20
  06.07.2012;136,93;136,93;136,93;136,93;75
  13.07.2012;137,80;137,80;137,80;137,80;35
  16.07.2012;138,09;138,09;136,70;137,43;97
  17.07.2012;137,65;137,65;137,65;137,65;30
  18.07.2012;138,94;138,94;138,94;138,94;37
  19.07.2012;138,50;139,01;138,50;139,01;55
  20.07.2012;138,99;138,99;138,99;138,99;1
  23.07.2012;137,73;137,73;137,73;137,73;13
  24.07.2012;137,91;137,91;136,54;136,54;139
  26.07.2012;138,34;138,34;138,34;138,34;72
  27.07.2012;139,13;139,13;137,64;137,95;53
  30.07.2012;138,46;139,10;138,46;139,10;189
  31.07.2012;139,05;139,35;139,05;139,35;28
  01.08.2012;141,21;141,21;141,21;141,21;35
  06.08.2012;141,88;141,88;140,75;140,75;33
  07.08.2012;139,82;139,90;139,82;139,90;28
  08.08.2012;141,44;141,44;141,44;141,44;5
  09.08.2012;141,11;141,45;141,11;141,38;141
  10.08.2012;141,16;142,46;141,16;142,46;69
  13.08.2012;141,36;142,48;141,23;141,23;116
  14.08.2012;141,69;141,69;141,69;141,69;100
  20.08.2012;141,95;141,95;141,95;141,95;70
  21.08.2012;142,67;142,67;142,67;142,67;35
  22.08.2012;141,18;142,18;141,16;142,18;144
  23.08.2012;140,61;140,61;140,61;140,61;10
  24.08.2012;141,65;141,65;140,23;140,23;98
  28.08.2012;141,93;141,93;141,93;141,93;14
  29.08.2012;139,84;140,44;139,84;140,44;54
  30.08.2012;140,00;140,00;138,91;138,91;50
  31.08.2012;139,67;139,67;139,67;139,67;5
  03.09.2012;140,00;140,00;139,96;139,96;65
  04.09.2012;139,26;139,26;137,72;137,73;95
  05.09.2012;138,20;138,60;138,20;138,60;21
  06.09.2012;139,70;140,62;139,31;140,62;203
  07.09.2012;139,93;139,93;139,93;139,93;40
  10.09.2012;141,29;141,73;141,29;141,73;132
  11.09.2012;140,14;140,14;140,14;140,14;4
  12.09.2012;140,12;140,12;140,12;140,12;10
  14.09.2012;141,99;142,41;141,38;141,45;568
  18.09.2012;141,45;141,45;141,45;141,45;0
  19.09.2012;140,17;140,17;140,17;140,17;15
  21.09.2012;141,45;141,45;141,45;141,45;300
  24.09.2012;140,59;140,59;140,56;140,56;161
  26.09.2012;139,80;139,80;139,80;139,80;3
  28.09.2012;141,49;141,49;140,47;140,47;100
  01.10.2012;141,67;141,67;140,34;140,65;61
  02.10.2012;140,56;140,56;140,56;140,56;50
  03.10.2012;142,16;142,16;142,16;142,16;71
  04.10.2012;141,15;141,15;141,15;141,15;50
  08.10.2012;141,38;141,38;140,03;140,03;280
  09.10.2012;140,95;140,95;140,95;140,95;31
  10.10.2012;140,53;140,53;140,02;140,02;66
  11.10.2012;139,63;139,63;139,63;139,63;50
  12.10.2012;141,03;141,03;140,05;140,05;62
  15.10.2012;141,60;141,60;140,35;141,31;251
  16.10.2012;141,12;141,12;140,09;140,63;187
  19.10.2012;140,02;140,02;140,02;140,02;15
  22.10.2012;138,89;140,84;138,89;140,74;131
  23.10.2012;139,03;139,03;139,03;139,03;0
  24.10.2012;139,31;139,54;139,05;139,05;47
  25.10.2012;139,76;139,83;139,76;139,83;188
  26.10.2012;140,04;140,04;139,39;139,39;72
  29.10.2012;139,37;139,37;139,37;139,37;0
  30.10.2012;140,13;140,13;139,60;139,60;144
  31.10.2012;139,35;139,35;139,15;139,15;50
  01.11.2012;139,81;139,82;139,26;139,82;160
  02.11.2012;140,87;140,87;140,87;140,87;0
  05.11.2012;141,00;141,00;140,28;140,28;60
  06.11.2012;140,00;141,68;140,00;141,16;120
  07.11.2012;140,23;140,24;140,23;140,24;75
  08.11.2012;139,42;139,42;138,96;138,96;112
  09.11.2012;139,78;140,04;138,76;139,82;200
  12.11.2012;140,04;140,18;140,04;140,05;111
  13.11.2012;140,18;140,18;139,18;139,62;75
  14.11.2012;140,10;140,10;138,43;138,94;105
  15.11.2012;138,43;138,43;137,50;137,56;226
  16.11.2012;137,67;138,63;137,61;137,96;96
  19.11.2012;138,37;139,08;138,37;139,08;10
  20.11.2012;138,37;139,51;138,37;139,51;10
  21.11.2012;138,37;139,47;138,37;139,47;10
  22.11.2012;139,23;140,22;139,23;139,71;324
  23.11.2012;140,20;140,20;140,20;140,20;40
  26.11.2012;140,20;140,20;139,66;140,01;10
  27.11.2012;139,66;140,47;139,66;139,66;98
  28.11.2012;140,47;140,47;138,24;139,70;60
  30.11.2012;139,75;140,84;139,75;140,84;10
  03.12.2012;140,56;140,56;140,35;140,35;10
  04.12.2012;140,56;140,56;139,91;139,95;3
  05.12.2012;139,91;140,79;139,91;140,28;6
  06.12.2012;140,79;140,79;140,69;140,69;6
  07.12.2012;140,79;142,16;140,22;141,65;31
  10.12.2012;142,16;142,98;141,18;142,11;200
  11.12.2012;141,18;142,68;141,18;142,52;94
  12.12.2012;142,03;142,88;141,86;141,86;40
  13.12.2012;142,88;142,88;141,60;141,60;40
  14.12.2012;142,88;142,88;140,47;141,12;11
  17.12.2012;140,47;141,51;140,47;141,18;109
  18.12.2012;140,75;142,04;140,75;141,80;125
  19.12.2012;141,24;142,74;141,24;141,92;370
  20.12.2012;141,41;141,41;141,20;141,20;80
  21.12.2012;141,41;141,41;140,20;140,80;50
  27.12.2012;140,20;141,07;140,04;140,65;112
  28.12.2012;141,07;141,07;140,90;140,90;32
  02.01.2013;141,07;143,00;141,07;142,41;193
  03.01.2013;142,04;143,39;142,04;143,39;42
  04.01.2013;142,18;144,16;142,18;144,16;19
  07.01.2013;143,73;145,38;143,56;143,97;143
  08.01.2013;143,56;143,56;142,52;143,04;84
  09.01.2013;142,52;143,89;142,52;143,42;35
  10.01.2013;143,89;144,11;142,97;144,11;10
  11.01.2013;142,97;143,78;142,97;143,06;30
  14.01.2013;142,14;142,72;142,09;142,09;161
  15.01.2013;142,15;142,15;142,15;142,15;0
  16.01.2013;142,99;142,99;142,38;142,38;25
  17.01.2013;143,05;143,05;143,05;143,05;0
  18.01.2013;144,55;144,55;142,74;143,04;146
  21.01.2013;142,60;143,63;142,60;143,36;124
  22.01.2013;144,51;144,51;143,55;143,55;35
  23.01.2013;143,03;143,69;143,03;143,69;15
  24.01.2013;143,55;143,85;143,55;143,85;25
  25.01.2013;143,54;143,54;143,54;143,54;0
  28.01.2013;143,96;143,96;142,41;142,41;105
  29.01.2013;143,10;143,18;142,76;142,76;135
  30.01.2013;142,87;142,87;142,87;142,87;0
  31.01.2013;143,82;143,82;141,94;141,94;55
  01.02.2013;141,35;142,37;140,57;142,37;244
  04.02.2013;141,49;141,62;141,49;141,62;85
  05.02.2013;142,18;142,18;141,57;141,57;245
  06.02.2013;142,30;142,30;142,20;142,20;9
  07.02.2013;142,78;142,79;142,32;142,32;27
  08.02.2013;142,47;142,75;142,47;142,75;4
  11.02.2013;143,00;143,51;143,00;143,21;721
  12.02.2013;142,72;142,72;142,66;142,66;140
  13.02.2013;142,85;142,85;142,85;142,85;0
  14.02.2013;142,38;142,91;142,20;142,91;165
  15.02.2013;143,36;143,36;143,36;143,36;0
  18.02.2013;143,74;143,74;142,85;142,85;70
  19.02.2013;143,56;143,56;143,56;143,56;85
  20.02.2013;143,42;143,63;143,42;143,63;25
  21.02.2013;141,79;141,79;141,79;141,79;0
  22.02.2013;142,61;143,66;142,61;143,16;173
  25.02.2013;143,87;143,87;143,38;143,82;130
  26.02.2013;144,24;144,24;142,72;142,72;188
  27.02.2013;143,01;143,96;142,99;143,96;52
  28.02.2013;144,82;144,82;144,82;144,82;0
  01.03.2013;144,19;144,96;143,44;144,47;165
  04.03.2013;144,60;145,22;144,60;144,72;38
  05.03.2013;146,17;146,17;144,85;145,68;226
  06.03.2013;144,31;146,25;144,31;146,25;3
  07.03.2013;145,67;146,43;145,37;145,72;398
  08.03.2013;146,09;146,09;146,09;146,09;0
  11.03.2013;145,36;146,63;145,36;146,40;171
  12.03.2013;146,42;147,48;146,41;146,65;79
  13.03.2013;145,84;146,42;145,84;146,42;2
  14.03.2013;146,62;147,15;146,62;147,15;40
  15.03.2013;146,95;146,95;146,95;146,95;0
  18.03.2013;147,50;147,50;145,63;145,63;409
  19.03.2013;145,80;146,08;145,80;146,08;20
  20.03.2013;147,04;147,04;146,53;146,53;21
  21.03.2013;146,92;146,92;146,17;146,17;70
  22.03.2013;146,13;146,13;146,13;146,13;0
  25.03.2013;147,53;147,53;145,96;145,96;20
  26.03.2013;145,54;146,99;145,54;146,49;176
  27.03.2013;147,18;147,56;146,89;147,56;81
  28.03.2013;147,67;147,67;146,99;146,99;100
  02.04.2013;147,84;147,84;147,30;147,30;27
  03.04.2013;147,74;147,75;146,93;146,93;110
  04.04.2013;146,10;146,10;146,10;146,10;0
  05.04.2013;146,15;146,15;144,47;145,07;337
  08.04.2013;143,73;145,91;143,73;144,47;161
  09.04.2013;143,75;145,51;143,75;145,51;131
  10.04.2013;145,49;147,08;145,49;146,54;64
  11.04.2013;147,42;147,42;147,35;147,35;14
  12.04.2013;147,62;147,62;146,44;146,44;94
  15.04.2013;147,20;147,20;145,66;145,66;23
  16.04.2013;144,68;144,68;144,61;144,61;25
  17.04.2013;144,25;144,25;144,25;144,25;0
  18.04.2013;143,95;143,98;142,96;142,96;268
  19.04.2013;143,88;143,89;143,88;143,89;7
  22.04.2013;145,34;145,34;144,46;144,46;80
  23.04.2013;145,58;145,58;145,58;145,58;0
  24.04.2013;146,52;146,91;146,47;146,91;103
  25.04.2013;146,95;147,57;146,95;147,57;100
  26.04.2013;147,19;147,19;147,19;147,19;0
  29.04.2013;148,35;148,35;147,13;147,44;70
  30.04.2013;147,99;147,99;147,99;147,99;0
  02.05.2013;147,41;147,41;146,88;146,88;13
  03.05.2013;147,85;147,85;147,29;147,29;7
  06.05.2013;149,99;149,99;147,20;148,24;387
  07.05.2013;148,10;148,83;148,00;148,83;2.150
  08.05.2013;148,57;149,05;148,56;149,05;137
  09.05.2013;149,95;149,95;148,86;149,43;79
  10.05.2013;150,35;150,35;148,67;149,12;191
  13.05.2013;150,20;150,20;147,98;149,37;34
  14.05.2013;149,90;149,90;149,29;149,78;150
  15.05.2013;150,73;150,75;150,73;150,75;15
  16.05.2013;151,29;151,29;150,97;150,97;65
  17.05.2013;150,35;150,74;150,35;150,74;70
  20.05.2013;152,41;152,41;150,49;151,16;59
  21.05.2013;151,48;151,73;151,00;151,73;145
  22.05.2013;151,25;151,63;151,25;151,63;28
  23.05.2013;149,75;149,75;147,53;149,62;556
  24.05.2013;149,50;150,20;148,66;148,94;192
  27.05.2013;147,61;149,46;147,61;149,18;97
  28.05.2013;150,19;150,21;149,61;149,61;72
  29.05.2013;149,78;149,78;148,31;149,06;207
  30.05.2013;148,59;148,59;148,59;148,59;0
  31.05.2013;148,09;148,23;147,13;147,13;186
  03.06.2013;147,30;147,30;145,99;146,42;202
  04.06.2013;147,68;147,68;146,89;147,14;114
  05.06.2013;144,95;145,32;144,90;144,93;56
  06.06.2013;145,19;145,19;143,93;143,93;40
  07.06.2013;144,59;145,32;144,59;144,76;82
  10.06.2013;144,24;144,66;144,24;144,66;100
  11.06.2013;145,59;145,59;142,78;142,78;203
  12.06.2013;143,50;143,50;142,30;142,30;124
  13.06.2013;139,29;142,20;139,29;141,29;348
  14.06.2013;142,57;142,57;142,57;142,57;0
  17.06.2013;143,60;143,60;142,59;142,72;78
  18.06.2013;143,08;143,08;142,91;142,91;50
  19.06.2013;143,42;143,42;142,07;142,07;176
  20.06.2013;140,99;140,99;139,55;139,55;131
  21.06.2013;138,68;140,09;136,64;139,03;326
  24.06.2013;140,20;140,20;139,85;139,85;43
  25.06.2013;138,15;138,48;138,15;138,48;247
  26.06.2013;139,62;140,10;139,62;140,10;157
  27.06.2013;140,78;141,80;140,78;141,11;120
  28.06.2013;141,39;141,92;141,39;141,92;110
  01.07.2013;142,61;142,88;141,91;142,21;134
  02.07.2013;142,49;142,49;142,49;142,49;0
  03.07.2013;142,89;142,89;141,06;141,41;72
  04.07.2013;142,30;142,94;142,30;142,94;327
  05.07.2013;144,88;144,88;143,25;143,25;1
  08.07.2013;143,84;143,84;142,67;142,67;13
  09.07.2013;143,52;144,19;143,52;144,19;20
  10.07.2013;144,85;144,85;144,85;144,85;7
  11.07.2013;145,40;145,56;144,98;144,98;138
  12.07.2013;145,93;146,05;145,18;145,18;42
  15.07.2013;146,58;146,58;144,61;145,01;59
  16.07.2013;144,39;145,08;144,39;145,08;2
  17.07.2013;144,97;144,97;144,97;144,97;0
  18.07.2013;145,44;146,50;145,44;146,01;87
  19.07.2013;145,86;145,86;145,86;145,86;0
  22.07.2013;147,90;147,90;145,45;145,45;988
  23.07.2013;147,20;147,25;145,87;145,87;353
  24.07.2013;147,14;147,14;145,28;145,28;152
  25.07.2013;145,59;145,59;144,70;144,70;14
  26.07.2013;144,65;144,65;144,65;144,65;0
  29.07.2013;145,42;145,42;143,50;143,50;217
  30.07.2013;143,53;143,53;143,53;143,53;0
  31.07.2013;144,09;144,27;143,52;143,52;56
  01.08.2013;144,40;144,88;143,43;144,38;34
  02.08.2013;146,06;146,06;145,35;145,35;70
  05.08.2013;144,69;144,90;144,32;144,89;191
  06.08.2013;144,25;144,25;144,01;144,01;1
  07.08.2013;144,31;144,31;143,00;143,00;64
  08.08.2013;142,81;143,52;142,79;143,52;28
  09.08.2013;144,74;144,74;143,67;143,67;70
  12.08.2013;145,12;145,12;143,33;144,23;57
  13.08.2013;145,15;145,45;145,15;145,45;40
  14.08.2013;145,17;145,45;145,17;145,45;1
  15.08.2013;145,74;145,74;144,60;144,60;40
  16.08.2013;143,89;143,89;143,89;143,89;0
  19.08.2013;143,74;143,74;143,74;143,74;0
  20.08.2013;143,56;143,56;142,79;142,79;55
  21.08.2013;143,15;143,15;142,44;142,44;65
  22.08.2013;142,30;142,30;142,16;142,16;558
  23.08.2013;143,33;143,33;143,33;143,33;0
  26.08.2013;145,00;145,00;143,11;143,11;125
  27.08.2013;142,10;142,79;141,13;141,67;186
  28.08.2013;141,17;141,17;141,17;141,17;0
  29.08.2013;142,62;142,62;142,62;142,62;0
  30.08.2013;141,92;141,92;141,90;141,90;25
  02.09.2013;143,00;143,06;143,00;143,06;109
  03.09.2013;143,50;143,87;143,50;143,87;1.062
  04.09.2013;144,58;144,58;144,35;144,35;180
  05.09.2013;145,00;145,00;144,96;144,96;278
  06.09.2013;145,51;145,86;144,16;144,74;237
  09.09.2013;144,95;145,29;144,16;145,29;221
  10.09.2013;148,46;148,46;146,19;146,81;593
  11.09.2013;146,36;146,72;146,36;146,72;212
  12.09.2013;145,86;146,79;145,86;146,18;64
  13.09.2013;146,44;146,44;146,44;146,44;20
  16.09.2013;146,41;147,57;146,41;147,57;70
  17.09.2013;146,94;146,94;146,94;146,94;0
  18.09.2013;146,48;147,42;146,48;147,42;41
  19.09.2013;146,81;147,34;146,81;147,34;20
  20.09.2013;146,69;146,69;146,69;146,69;0
  23.09.2013;145,88;146,36;145,88;146,36;38
  24.09.2013;146,66;146,66;146,41;146,41;1
  25.09.2013;146,64;146,70;145,68;146,45;177
  26.09.2013;146,11;146,11;146,11;146,11;15
  27.09.2013;146,77;146,77;146,31;146,31;181
  30.09.2013;146,86;146,86;145,18;145,63;220
  01.10.2013;145,68;145,68;145,68;145,68;0
  02.10.2013;146,04;146,04;144,93;145,71;69
  03.10.2013;144,56;144,56;144,56;144,56;0
  04.10.2013;146,66;146,66;143,37;144,81;354
  07.10.2013;145,60;145,60;143,83;145,16;359
  08.10.2013;146,22;146,22;144,96;144,96;35
  09.10.2013;145,83;145,83;144,04;144,51;163
  10.10.2013;145,29;145,94;145,29;145,94;127
  11.10.2013;147,25;147,25;147,25;147,25;0
  14.10.2013;148,87;148,87;145,55;146,60;265
  15.10.2013;145,91;147,68;145,91;146,92;104
  16.10.2013;147,19;147,56;147,19;147,56;13
  17.10.2013;146,82;146,82;146,82;146,82;0
  18.10.2013;148,23;148,23;148,04;148,04;105
  21.10.2013;149,56;149,56;147,63;148,19;124
  22.10.2013;149,42;149,42;147,64;148,50;108
  23.10.2013;147,51;147,55;147,51;147,55;15
  24.10.2013;148,56;148,56;147,14;147,14;16
  25.10.2013;145,52;147,42;145,52;146,96;40
  28.10.2013;148,41;148,42;146,71;147,38;200
  29.10.2013;147,80;147,80;146,78;147,56;138
  30.10.2013;148,94;148,94;147,59;147,78;877
  31.10.2013;148,18;148,18;147,56;147,56;10
  01.11.2013;148,07;148,07;147,58;147,58;35
  04.11.2013;147,91;148,75;146,79;148,75;412
  05.11.2013;149,30;149,30;148,29;148,29;66
  06.11.2013;149,01;149,01;148,34;148,34;64
  07.11.2013;148,41;148,59;147,98;147,98;25
  08.11.2013;148,00;148,34;148,00;148,18;65
  11.11.2013;149,04;149,04;148,60;148,60;11
  12.11.2013;149,94;149,94;147,81;148,15;160
  13.11.2013;148,85;148,85;146,99;146,99;93
  14.11.2013;148,16;148,16;148,16;148,16;0
  15.11.2013;149,14;149,14;148,28;148,79;81
  18.11.2013;148,59;149,60;148,40;149,50;246
  19.11.2013;148,59;150,82;148,32;148,32;199
  20.11.2013;148,65;148,65;148,22;148,39;47
  21.11.2013;148,39;148,62;148,36;148,62;277
  22.11.2013;147,58;148,79;147,58;148,79;100
  25.11.2013;149,50;149,50;147,99;148,81;236
  26.11.2013;149,12;149,12;147,91;148,25;268
  27.11.2013;148,77;148,79;148,21;148,21;130
  28.11.2013;148,69;148,69;148,69;148,69;0
  29.11.2013;149,50;149,50;148,32;148,32;272
  02.12.2013;147,32;148,34;147,32;148,34;610
  03.12.2013;147,10;147,74;147,10;147,18;21
  04.12.2013;147,56;147,56;146,65;146,65;65
  05.12.2013;147,27;147,27;146,00;146,02;159
  06.12.2013;147,41;147,41;145,73;146,34;141
  09.12.2013;145,61;147,34;145,61;147,34;178
  10.12.2013;146,67;147,05;146,59;146,59;246
  11.12.2013;145,97;146,10;145,43;145,43;598
  12.12.2013;145,62;145,62;144,42;144,42;145
  13.12.2013;144,80;144,81;144,70;144,70;65
  16.12.2013;145,47;145,56;144,17;145,56;26
  17.12.2013;145,00;145,13;144,51;144,82;357
  18.12.2013;145,05;146,33;145,05;146,33;162
  19.12.2013;145,51;146,29;145,51;146,29;50
  20.12.2013;145,96;146,84;145,96;146,84;14
  23.12.2013;148,15;148,15;146,50;147,21;653
  27.12.2013;148,10;148,10;147,79;147,99;94
  30.12.2013;149,00;149,00;146,92;147,65;498
  02.01.2014;146,52;147,83;146,52;146,94;14
  03.01.2014;147,29;147,51;147,29;147,51;107
  06.01.2014;148,50;148,50;147,45;147,45;35
  07.01.2014;148,01;148,01;147,45;147,45;7
  08.01.2014;147,95;147,95;147,95;147,95;0
  09.01.2014;148,45;148,45;147,40;147,40;30
  10.01.2014;148,42;148,44;147,13;147,34;104
  13.01.2014;148,93;148,93;146,53;147,50;212
  14.01.2014;148,00;148,00;147,38;147,50;120
  15.01.2014;147,34;148,00;147,34;147,80;141
  16.01.2014;148,00;148,69;148,00;148,69;399
  17.01.2014;148,62;148,62;0,00;148,62;0
  20.01.2014;149,50;149,50;148,68;148,68;403
  21.01.2014;148,09;148,85;148,09;148,85;30
  22.01.2014;149,49;149,54;148,48;149,05;173
  23.01.2014;148,32;148,32;147,28;147,81;66
  24.01.2014;147,88;147,88;144,83;145,31;237
  27.01.2014;145,00;145,34;143,99;144,17;341
  28.01.2014;144,48;144,96;144,48;144,96;100
  29.01.2014;145,18;145,82;145,03;145,29;419
  30.01.2014;145,58;145,67;144,89;144,89;137
  31.01.2014;145,75;146,02;145,29;146,02;82
  03.02.2014;146,24;146,24;144,40;144,99;225
  04.02.2014;143,87;144,79;143,66;143,66;284
  05.02.2014;142,16;144,95;142,15;144,95;179
  06.02.2014;144,64;145,27;144,36;145,27;324
  07.02.2014;146,66;146,66;146,66;146,66;0
  10.02.2014;146,46;146,46;146,46;146,46;0
  11.02.2014;145,89;147,03;145,89;147,03;16
  12.02.2014;146,70;148,00;146,70;147,83;39
  13.02.2014;146,54;147,92;146,54;147,92;1
  14.02.2014;147,60;148,04;147,60;148,04;20
  17.02.2014;149,15;149,15;147,61;148,49;134
  18.02.2014;148,27;148,27;148,27;148,27;0
  19.02.2014;148,31;148,31;148,31;148,31;0
  20.02.2014;148,13;148,48;148,07;148,07;88
  21.02.2014;148,70;148,70;148,70;148,70;0
  24.02.2014;147,97;149,00;147,97;148,75;262
  25.02.2014;148,38;149,41;148,37;149,41;73
  26.02.2014;148,48;149,02;148,48;149,02;158
  27.02.2014;148,36;148,36;148,31;148,31;13
  28.02.2014;149,00;149,00;148,89;148,89;20
  03.03.2014;150,31;150,31;146,93;147,58;406
  04.03.2014;146,15;149,36;146,15;149,36;18
  05.03.2014;150,00;150,09;149,00;150,09;193
  06.03.2014;149,99;150,00;149,47;149,47;155
  07.03.2014;149,06;149,06;149,06;149,06;0
  10.03.2014;147,34;148,91;147,34;147,77;196
  11.03.2014;147,31;147,98;147,31;147,98;204
  12.03.2014;146,53;147,02;146,53;147,02;12
  13.03.2014;146,50;146,81;146,50;146,81;18
  14.03.2014;145,71;146,67;145,45;145,46;190
  17.03.2014;145,63;146,74;145,63;146,74;10
  18.03.2014;147,64;147,64;147,64;147,64;0
  19.03.2014;147,04;148,06;147,04;147,48;19
  20.03.2014;147,17;147,17;146,55;146,55;68
  21.03.2014;147,13;147,76;147,13;147,76;543
  24.03.2014;148,99;148,99;146,12;146,88;171
  25.03.2014;146,99;147,29;146,99;147,29;10
  26.03.2014;148,04;148,04;148,04;148,04;0
  27.03.2014;148,02;149,12;148,02;148,73;117
  28.03.2014;148,63;149,14;148,63;149,14;20
  31.03.2014;149,67;150,28;149,67;150,28;104
  01.04.2014;150,31;151,09;150,31;151,09;75
  02.04.2014;150,71;151,12;150,71;151,12;50
  03.04.2014;150,70;151,68;150,70;151,11;36
  04.04.2014;150,01;151,44;150,01;151,44;51
  07.04.2014;151,90;151,90;149,26;150,11;311
  08.04.2014;149,47;149,80;149,47;149,80;42
  09.04.2014;151,60;151,60;150,49;151,56;167
  10.04.2014;151,78;151,78;150,90;151,34;270
  11.04.2014;150,08;150,08;149,51;149,51;55
  14.04.2014;149,05;150,23;149,05;149,86;40
  15.04.2014;150,17;150,44;150,17;150,44;5
  16.04.2014;151,56;151,56;150,68;150,68;13
  17.04.2014;151,49;151,78;151,46;151,78;132
  22.04.2014;152,58;152,58;150,75;152,22;1.451
  23.04.2014;151,88;151,88;151,88;151,88;0
  24.04.2014;151,54;151,54;151,54;151,54;0
  25.04.2014;151,00;151,00;151,00;151,00;0
  28.04.2014;150,68;151,74;150,47;150,47;133
  29.04.2014;150,92;151,77;150,39;151,56;26
  30.04.2014;151,91;151,96;151,91;151,96;20
  02.05.2014;151,70;152,31;151,70;152,31;761
  05.05.2014;150,80;151,47;150,80;151,47;100
  06.05.2014;151,13;151,13;151,13;151,13;0
  07.05.2014;150,96;150,96;150,96;150,96;0
  08.05.2014;152,02;152,02;152,02;152,02;0
  09.05.2014;152,58;152,58;151,33;152,22;44
  12.05.2014;151,30;153,32;151,30;153,01;1.028
  13.05.2014;152,55;153,46;152,55;153,46;167
  14.05.2014;154,67;154,67;153,59;153,63;44
  15.05.2014;153,35;153,81;153,35;153,81;24
  16.05.2014;153,17;153,17;153,17;153,17;0
  19.05.2014;153,38;154,20;153,33;154,20;218
  20.05.2014;153,76;153,76;153,76;153,76;0
  21.05.2014;153,94;153,94;153,94;153,94;0
  22.05.2014;155,08;155,08;155,08;155,08;0
  23.05.2014;154,56;155,27;154,56;155,27;78
  26.05.2014;154,94;156,01;154,94;155,76;99
  27.05.2014;155,13;155,67;154,79;155,67;106
  28.05.2014;156,38;156,38;155,80;155,80;193
  29.05.2014;155,20;155,89;155,20;155,89;41
  30.05.2014;156,42;156,42;155,80;155,80;52
  02.06.2014;156,29;156,67;155,35;155,35;150
  03.06.2014;156,38;156,38;155,43;155,64;180
  04.06.2014;155,50;155,59;154,39;155,54;148
  05.06.2014;155,85;155,85;155,85;155,85;0
  06.06.2014;155,45;156,72;155,45;156,72;5
  09.06.2014;157,00;157,00;157,00;157,00;0
  10.06.2014;157,95;157,95;156,54;157,74;106
  11.06.2014;157,79;157,79;157,79;157,79;0
  12.06.2014;158,24;158,26;157,50;157,50;40
  13.06.2014;157,80;157,88;157,47;157,47;136
  16.06.2014;157,71;157,82;156,11;157,82;78
  17.06.2014;158,18;158,34;157,40;157,40;134
  18.06.2014;157,97;157,97;156,89;157,42;313
  19.06.2014;158,77;158,77;158,15;158,15;21
  20.06.2014;158,67;159,06;158,19;158,78;86
  23.06.2014;158,30;159,07;157,86;157,86;445
  24.06.2014;158,00;158,30;158,00;158,09;60
  25.06.2014;157,50;157,99;157,50;157,53;755
  26.06.2014;157,22;158,32;157,22;157,62;260
  27.06.2014;158,04;158,04;157,80;157,80;4
  30.06.2014;157,79;157,79;157,79;157,79;0
  01.07.2014;158,55;158,55;158,02;158,02;6
  02.07.2014;158,85;158,90;158,42;158,42;250
  03.07.2014;159,20;159,21;158,69;158,69;189
  04.07.2014;159,32;159,32;159,29;159,29;10
  07.07.2014;159,82;159,82;158,36;158,85;404
  08.07.2014;159,25;159,25;157,84;157,84;62
  09.07.2014;156,08;157,51;156,08;157,51;25
  10.07.2014;157,77;158,06;157,54;157,54;207
  11.07.2014;157,93;157,93;157,45;157,45;60
  14.07.2014;158,03;158,76;157,17;158,00;1.274
  15.07.2014;157,95;157,95;157,95;157,95;0
  16.07.2014;158,35;158,88;157,88;158,44;65
  17.07.2014;158,83;158,83;158,56;158,56;15
  18.07.2014;158,44;158,44;158,44;158,44;0
  21.07.2014;158,92;159,06;158,69;159,06;353
  22.07.2014;158,77;159,31;158,77;159,31;98
  23.07.2014;159,78;160,86;159,78;160,32;102
  24.07.2014;160,55;160,55;159,49;160,39;1.010
  25.07.2014;160,94;160,94;159,92;159,92;208
  28.07.2014;160,33;160,33;159,89;159,89;12
  29.07.2014;160,75;160,83;160,40;160,40;65
  30.07.2014;160,78;160,91;160,12;160,12;1.577
  31.07.2014;160,46;160,46;158,55;159,08;110
  01.08.2014;158,41;158,93;156,90;157,62;110
  04.08.2014;157,58;158,39;157,58;158,32;125
  05.08.2014;159,08;159,08;158,16;158,16;1.057
  06.08.2014;158,20;158,20;157,44;157,44;182
  07.08.2014;157,38;158,11;157,10;158,11;96
  08.08.2014;158,06;158,20;156,48;157,27;475
  11.08.2014;158,03;158,66;158,00;158,37;273
  12.08.2014;159,03;159,06;158,64;158,64;70
  13.08.2014;158,91;158,91;158,91;158,91;0
  14.08.2014;158,36;159,73;158,36;159,22;264
  15.08.2014;160,00;160,00;159,08;159,08;4
  18.08.2014;159,76;160,32;159,47;159,47;1.237
  19.08.2014;160,22;160,67;160,22;160,67;135
  20.08.2014;160,12;161,11;160,12;160,92;3.122
  21.08.2014;161,53;161,53;160,93;161,40;162
  22.08.2014;161,70;161,70;161,42;161,42;150
  25.08.2014;162,12;162,12;162,12;162,12;0
  26.08.2014;162,70;163,59;162,49;163,04;91
  27.08.2014;163,60;163,79;162,55;163,46;211
  28.08.2014;163,33;163,34;162,94;162,94;123
  29.08.2014;161,48;163,16;161,48;163,16;193
  01.09.2014;163,77;163,89;162,79;163,53;207
  02.09.2014;163,88;163,90;163,88;163,90;42
  03.09.2014;162,63;164,57;162,63;163,81;358
  04.09.2014;164,35;164,86;164,32;164,32;71
  05.09.2014;164,45;165,45;164,43;165,45;280
  08.09.2014;165,00;165,09;165,00;165,09;39
  09.09.2014;165,64;165,72;164,65;164,65;53
  10.09.2014;163,66;164,58;163,54;164,13;43
  11.09.2014;163,81;164,29;163,54;163,54;320
  12.09.2014;163,87;164,19;162,75;163,16;327
  15.09.2014;163,53;163,53;161,87;161,87;15
  16.09.2014;161,22;163,03;161,20;162,49;219
  17.09.2014;162,11;163,65;162,11;163,15;101
  18.09.2014;163,56;163,56;162,65;162,98;22
  19.09.2014;164,36;164,36;163,06;163,06;106
  22.09.2014;163,26;163,27;162,37;162,37;269
  23.09.2014;162,76;163,00;161,73;161,73;110
  24.09.2014;161,28;162,34;160,82;162,34;465
  25.09.2014;162,78;163,71;162,25;162,25;169
  26.09.2014;161,81;162,39;161,80;162,05;274
  29.09.2014;162,35;162,35;162,03;162,03;31
  30.09.2014;162,15;163,33;162,15;163,33;27
  01.10.2014;161,75;162,48;161,65;161,65;70
  02.10.2014;161,01;161,45;160,68;160,68;28
  06.10.2014;161,44;162,20;161,44;162,20;481
  07.10.2014;161,74;161,76;160,89;161,52;161
  08.10.2014;160,36;161,60;160,12;160,12;285
  09.10.2014;161,40;161,40;160,19;160,19;45
  10.10.2014;159,83;159,83;157,64;158,19;614
  13.10.2014;154,69;158,53;154,30;158,53;930
  14.10.2014;158,04;158,04;158,04;158,04;0
  15.10.2014;158,10;158,10;150,23;153,87;564
  16.10.2014;152,02;154,57;152,02;154,57;36
  17.10.2014;153,84;157,94;153,84;156,88;1.276
  20.10.2014;158,58;158,58;156,84;157,22;330
  21.10.2014;158,06;158,06;157,60;157,60;5
  22.10.2014;158,63;159,37;158,47;158,80;496
  23.10.2014;159,51;159,51;159,26;159,36;62
  24.10.2014;159,60;159,60;159,12;159,12;69
  27.10.2014;160,89;160,89;159,08;159,08;37
  28.10.2014;158,09;159,72;158,09;159,18;55
  29.10.2014;160,36;160,51;159,93;160,22;1.811
  30.10.2014;160,86;160,87;160,40;160,40;46
  31.10.2014;160,66;162,13;160,66;161,87;96
  03.11.2014;164,50;164,50;162,33;163,16;228
  04.11.2014;163,67;163,67;162,06;162,51;326
  05.11.2014;162,50;163,12;161,84;161,84;185
  06.11.2014;162,21;162,91;162,21;162,91;6
  07.11.2014;162,86;162,86;162,86;162,86;0
  10.11.2014;163,72;164,58;162,20;163,97;421
  11.11.2014;164,55;164,60;163,86;163,86;37
  12.11.2014;163,53;163,53;163,53;163,53;0
  13.11.2014;164,37;164,37;162,50;163,30;4.912
  14.11.2014;163,71;163,71;163,40;163,40;13
  17.11.2014;163,38;163,43;163,17;163,43;232
  18.11.2014;163,40;163,40;163,40;163,40;60
  20.11.2014;163,13;163,36;163,13;163,36;47
  21.11.2014;163,74;165,14;163,74;165,14;140
  24.11.2014;164,67;164,67;163,51;164,55;190
  25.11.2014;165,78;165,93;164,75;165,93;93
  26.11.2014;165,88;166,10;165,88;166,10;35
  27.11.2014;165,96;165,96;165,48;165,48;28
  28.11.2014;165,43;165,43;165,43;165,43;0
  01.12.2014;165,27;165,45;163,88;164,42;225
  02.12.2014;164,72;164,72;163,68;163,68;15
  03.12.2014;162,48;165,01;162,48;164,44;262
  04.12.2014;165,31;165,31;164,57;164,57;27
  05.12.2014;164,48;165,46;164,48;164,90;95
  08.12.2014;164,70;164,76;164,02;164,76;71
  09.12.2014;164,77;164,77;163,52;163,85;126
  10.12.2014;163,76;163,76;161,95;161,95;185
  11.12.2014;161,39;162,27;161,39;162,10;107
  12.12.2014;162,25;162,26;160,81;160,81;72
  15.12.2014;160,15;160,97;157,71;158,51;412
  16.12.2014;158,63;159,36;158,15;159,36;530
  17.12.2014;159,25;159,68;158,56;158,93;105
  18.12.2014;159,53;160,06;159,48;160,06;57
  19.12.2014;162,00;163,46;162,00;163,02;182
  22.12.2014;163,36;163,41;161,79;162,66;309
  23.12.2014;163,00;163,42;163,00;163,42;55
  29.12.2014;164,27;164,43;163,01;164,09;83
  30.12.2014;164,30;164,30;163,73;163,73;12
  02.01.2015;164,50;164,98;163,36;163,75;545
  05.01.2015;163,97;164,42;162,80;163,37;366
  06.01.2015;163,19;163,79;162,37;162,37;112
  07.01.2015;164,21;164,46;163,10;163,10;233
  08.01.2015;165,04;165,91;164,31;165,91;362
  09.01.2015;165,57;165,57;165,54;165,54;50
  12.01.2015;166,24;166,28;164,98;165,30;171
  13.01.2015;166,09;166,81;165,37;165,37;185
  14.01.2015;165,34;165,71;165,14;165,14;248
  15.01.2015;165,65;165,81;164,22;165,70;189
  16.01.2015;167,18;168,57;167,18;168,57;185
  19.01.2015;169,07;169,07;167,52;169,03;459
  20.01.2015;169,85;170,00;167,86;167,86;552
  21.01.2015;168,03;169,37;168,03;169,06;41
  22.01.2015;169,89;170,00;168,73;169,90;305
  23.01.2015;170,10;172,61;170,10;172,46;775
  26.01.2015;172,50;173,99;172,26;173,97;418
  27.01.2015;176,10;176,10;171,76;173,65;1.241
  28.01.2015;174,80;174,82;173,14;173,14;868
  29.01.2015;172,40;173,32;171,40;172,95;93
  30.01.2015;173,51;173,57;172,35;172,58;255
  02.02.2015;172,25;172,25;171,77;171,77;29
  03.02.2015;173,50;173,89;172,56;172,89;177
  04.02.2015;173,74;173,84;173,00;173,52;76
  05.02.2015;173,93;173,93;173,68;173,71;200
  06.02.2015;174,47;174,47;173,73;173,73;56
  09.02.2015;173,83;173,83;172,42;173,13;149
  10.02.2015;174,89;175,07;174,41;174,41;93
  11.02.2015;173,28;175,00;173,28;173,95;276
  12.02.2015;175,08;175,08;173,86;174,27;7
  13.02.2015;174,73;174,85;174,73;174,79;21
  16.02.2015;175,00;175,96;175,00;175,36;581
  17.02.2015;176,06;176,06;175,55;175,55;30
  18.02.2015;175,90;176,53;175,33;175,33;217
  19.02.2015;176,01;176,17;176,01;176,06;29
  20.02.2015;175,99;175,99;175,99;175,99;0
  23.02.2015;175,00;176,86;175,00;176,25;49
  24.02.2015;175,13;176,99;175,13;176,61;256
  25.02.2015;177,31;177,54;176,32;176,98;233
  26.02.2015;177,37;177,82;176,45;177,34;94
  27.02.2015;177,75;179,07;176,60;179,07;102
  02.03.2015;179,49;179,93;177,82;179,26;925
  03.03.2015;179,85;179,85;178,39;178,39;21
  04.03.2015;178,52;178,52;178,45;178,45;5
  05.03.2015;179,49;179,49;177,94;179,23;370
  06.03.2015;179,96;180,20;178,89;179,17;277
  09.03.2015;180,00;180,35;178,62;180,35;244
  10.03.2015;178,52;180,41;178,52;179,34;92
  11.03.2015;180,18;182,91;180,18;180,49;425
  12.03.2015;182,20;182,20;181,80;181,80;44
  13.03.2015;182,43;183,42;182,43;182,99;48
  16.03.2015;182,50;183,00;181,62;182,76;566
  17.03.2015;183,50;183,50;182,44;182,53;439
  18.03.2015;182,02;182,77;182,01;182,77;108
  19.03.2015;182,28;183,50;182,09;182,64;365
  20.03.2015;181,17;184,58;181,17;183,84;291
  23.03.2015;185,29;185,29;182,97;182,97;458
  24.03.2015;182,12;182,59;181,86;181,86;39
  25.03.2015;182,10;182,10;180,23;181,49;96
  26.03.2015;179,00;181,59;174,42;180,64;4.186
  27.03.2015;180,75;180,79;180,36;180,36;110
  30.03.2015;181,00;182,10;180,83;180,83;156
  31.03.2015;180,00;181,76;179,61;181,76;225
  01.04.2015;181,95;182,36;181,11;182,36;184
  02.04.2015;182,71;183,07;181,81;181,81;46
  07.04.2015;184,59;184,59;182,27;182,27;669
  08.04.2015;181,40;184,22;181,40;184,22;120
  09.04.2015;185,37;185,37;185,37;185,37;0
  10.04.2015;186,68;187,39;185,20;187,16;300
  13.04.2015;187,79;188,73;186,41;188,45;273
  14.04.2015;188,76;189,55;187,23;188,62;199
  15.04.2015;189,44;189,71;187,85;188,08;29
  16.04.2015;189,30;189,35;188,20;188,20;30
  17.04.2015;187,98;187,98;185,58;185,92;607
  20.04.2015;188,29;188,56;186,15;187,30;1.745
  21.04.2015;188,78;189,14;187,73;187,73;85
  22.04.2015;188,44;188,44;187,98;187,98;223
  23.04.2015;188,78;188,78;188,65;188,65;40
  24.04.2015;188,41;188,41;188,14;188,14;403
  27.04.2015;187,07;189,47;187,07;187,83;238
  28.04.2015;187,47;187,47;187,47;187,47;0
  29.04.2015;186,64;188,10;184,69;185,41;346
  30.04.2015;185,67;185,67;182,25;183,33;399
  04.05.2015;183,71;184,70;182,14;182,14;160
  05.05.2015;183,32;183,40;181,97;181,97;102
  06.05.2015;181,85;181,85;177,00;179,47;2.513
  07.05.2015;180,00;180,00;178,55;179,47;287
  08.05.2015;180,00;181,00;179,37;180,53;532
  11.05.2015;181,94;182,00;181,24;181,24;462
  12.05.2015;181,56;181,62;181,14;181,14;220
  13.05.2015;181,38;182,00;180,10;180,10;292
  14.05.2015;179,98;179,98;179,95;179,95;25
  15.05.2015;181,88;181,88;179,68;179,68;113
  18.05.2015;180,09;180,70;180,08;180,08;84
  19.05.2015;181,50;181,50;181,09;181,09;42
  20.05.2015;182,00;182,00;179,58;180,48;124
  21.05.2015;182,00;183,53;181,50;183,13;237
  22.05.2015;181,94;182,96;181,94;182,96;9
  26.05.2015;183,55;184,14;182,84;182,84;80
  27.05.2015;183,70;184,22;183,70;184,22;30
  28.05.2015;184,83;184,84;183,00;183,70;388
  29.05.2015;182,69;184,35;182,38;182,38;155
  01.06.2015;180,63;183,06;180,63;181,78;43
  02.06.2015;182,82;182,82;179,76;181,20;347
  03.06.2015;179,26;181,53;178,70;179,36;1.066
  04.06.2015;179,45;179,45;178,49;178,49;50
  05.06.2015;177,71;177,71;177,71;177,71;0
  08.06.2015;175,00;176,78;174,49;174,49;1.301
  09.06.2015;173,99;174,30;173,62;173,63;350
  10.06.2015;175,00;175,78;174,16;175,78;60
  11.06.2015;174,97;178,30;174,97;175,90;113
  12.06.2015;176,51;176,51;176,38;176,38;2
  15.06.2015;174,66;176,69;174,66;175,68;213
  16.06.2015;173,98;175,44;173,45;175,22;401
  18.06.2015;173,55;175,70;173,02;175,70;135
  19.06.2015;174,20;174,20;174,20;174,20;0
  22.06.2015;174,86;176,26;174,86;175,40;95
  23.06.2015;176,27;176,89;175,65;176,44;115
  24.06.2015;177,83;177,83;175,05;177,83;213
  25.06.2015;178,44;178,44;177,12;178,15;39
  26.06.2015;178,07;178,07;176,15;177,81;40
  29.06.2015;174,62;176,81;173,28;176,22;361
  30.06.2015;174,74;175,86;173,89;174,79;283
  01.07.2015;176,00;176,00;176,00;176,00;0
  02.07.2015;176,91;176,91;176,75;176,75;10
  03.07.2015;177,33;177,33;175,45;176,52;26
  06.07.2015;176,15;176,15;176,09;176,09;10
  07.07.2015;177,14;177,14;173,81;173,81;139
  08.07.2015;171,04;172,55;170,97;172,55;720
  09.07.2015;175,10;175,93;173,96;175,68;113
  10.07.2015;173,05;174,22;173,00;174,12;390
  13.07.2015;175,38;176,29;174,75;175,36;738
  14.07.2015;176,25;177,92;175,84;177,06;60
  15.07.2015;177,91;177,91;176,28;177,16;115
  16.07.2015;177,63;179,34;177,63;177,85;282
  17.07.2015;178,95;179,40;178,72;178,72;900
  20.07.2015;180,00;180,15;179,24;179,24;233
  21.07.2015;180,24;180,24;178,94;178,94;15
  22.07.2015;178,29;178,31;176,58;177,80;234
  23.07.2015;176,95;178,48;176,95;177,35;77
  24.07.2015;176,75;177,72;175,72;175,72;109
  27.07.2015;174,30;174,32;173,19;173,54;687
  28.07.2015;173,13;173,29;172,20;172,20;75
  29.07.2015;172,76;173,54;171,44;173,54;123
  30.07.2015;174,24;174,24;173,60;173,60;6
  31.07.2015;174,61;174,95;174,61;174,95;60
  03.08.2015;174,98;174,98;173,27;173,27;67
  04.08.2015;173,85;173,92;173,85;173,85;6
  05.08.2015;174,29;174,29;174,29;174,29;0
  06.08.2015;172,89;174,84;172,89;173,60;52
  07.08.2015;174,20;174,20;173,28;173,28;47
  10.08.2015;173,81;174,96;173,26;174,19;33
  11.08.2015;172,64;172,69;172,06;172,06;5
  12.08.2015;172,61;172,61;170,86;170,86;6
  13.08.2015;172,97;172,97;170,18;170,18;10
  14.08.2015;171,67;171,67;167,02;170,17;1.707
  17.08.2015;170,35;170,93;169,24;169,77;136
  18.08.2015;170,10;170,32;170,10;170,32;300
  19.08.2015;168,97;169,48;168,97;169,48;30
  20.08.2015;167,16;167,16;164,70;165,10;989
  21.08.2015;161,16;163,90;159,52;161,73;1.831
  24.08.2015;156,59;160,70;154,00;157,95;1.055
  25.08.2015;155,95;160,36;155,95;160,36;168
  26.08.2015;157,80;157,80;155,01;156,35;1.253
  27.08.2015;159,36;161,80;158,15;161,00;1.132
  28.08.2015;160,05;162,63;160,05;162,63;160
  31.08.2015;163,24;163,35;162,80;163,35;188
  01.09.2015;162,10;162,10;159,53;159,53;367
  02.09.2015;160,67;161,23;159,07;160,08;196
  03.09.2015;160,84;160,84;160,84;160,84;0
  04.09.2015;159,18;161,63;159,18;160,80;117
  07.09.2015;161,22;161,26;160,61;160,61;99
  08.09.2015;160,42;161,79;160,42;161,79;215
  09.09.2015;161,64;163,14;160,79;160,79;171
  10.09.2015;160,52;162,76;160,52;161,85;95
  11.09.2015;161,54;161,54;161,47;161,47;20
  14.09.2015;160,35;162,68;160,35;160,67;244
  15.09.2015;159,28;161,96;159,28;161,14;121
  16.09.2015;162,88;162,88;161,78;161,78;4
  17.09.2015;162,71;162,71;162,00;162,36;161
  18.09.2015;159,53;161,70;158,68;161,70;185
  21.09.2015;159,16;161,14;159,16;160,71;99
  22.09.2015;162,48;162,48;160,28;161,39;105
  23.09.2015;159,68;159,68;159,68;159,68;0
  24.09.2015;158,78;158,90;157,88;158,90;165
  25.09.2015;160,63;160,63;159,44;159,44;31
  28.09.2015;158,17;159,58;157,67;157,67;178
  29.09.2015;157,16;158,12;157,16;158,12;50
  30.09.2015;159,36;159,36;157,82;157,82;19
  01.10.2015;159,49;159,49;159,18;159,44;60
  02.10.2015;160,11;161,09;158,71;159,76;165
  05.10.2015;161,29;163,60;161,29;162,82;244
  06.10.2015;162,24;163,15;162,01;163,15;62
  07.10.2015;165,11;165,11;163,42;163,42;24
  08.10.2015;163,62;165,13;162,41;165,13;101
  09.10.2015;166,31;166,33;165,26;165,26;25
  12.10.2015;165,26;165,26;165,09;165,09;11
  13.10.2015;165,16;165,16;165,10;165,10;30
  14.10.2015;164,93;164,93;164,06;164,06;2
  15.10.2015;164,33;164,34;162,97;163,43;74
  16.10.2015;164,29;165,86;162,71;164,95;132
  19.10.2015;165,41;165,82;164,20;165,28;160
  20.10.2015;166,22;166,24;165,49;165,49;96
  21.10.2015;166,25;166,47;164,71;164,71;220
  22.10.2015;165,41;166,98;165,41;166,82;64
  23.10.2015;167,47;167,94;166,36;167,94;232
  26.10.2015;168,11;170,20;168,11;169,37;318
  27.10.2015;169,30;169,30;169,23;169,23;8
  28.10.2015;170,52;170,52;168,50;169,21;8
  29.10.2015;169,71;170,92;169,53;169,53;172
  30.10.2015;170,47;170,47;168,57;169,35;226
  02.11.2015;169,41;169,60;168,00;168,87;197
  03.11.2015;169,06;169,06;169,06;169,06;0
  04.11.2015;169,60;169,94;169,60;169,94;47
  05.11.2015;169,60;170,92;169,60;170,92;22
  06.11.2015;171,56;171,76;171,05;171,05;132
  09.11.2015;170,83;171,35;169,04;170,30;24
  10.11.2015;169,98;170,87;169,95;169,95;6
  11.11.2015;171,06;171,06;169,37;169,79;31
  12.11.2015;171,10;171,10;168,30;169,23;138
  13.11.2015;167,12;168,84;167,12;168,45;7
  16.11.2015;167,95;167,95;166,29;167,94;83
  17.11.2015;169,96;169,96;169,30;169,30;10
  18.11.2015;166,73;169,78;166,73;169,78;18
  19.11.2015;170,00;170,09;170,00;170,09;305
  20.11.2015;169,01;170,90;169,01;170,36;74
  23.11.2015;170,93;171,34;170,93;171,34;1
  24.11.2015;170,99;171,86;170,81;171,86;177
  25.11.2015;171,64;171,64;171,35;171,35;10
  26.11.2015;170,77;171,76;170,77;171,76;12
  27.11.2015;171,83;171,83;171,83;171,83;0
  30.11.2015;170,00;171,46;169,98;171,46;100
  01.12.2015;172,55;172,86;171,26;171,26;37
  02.12.2015;172,37;172,37;171,58;171,58;10
  03.12.2015;171,89;171,89;167,26;167,97;60
  04.12.2015;168,81;168,81;167,79;167,79;281
  07.12.2015;168,67;168,69;167,01;167,17;86
  08.12.2015;166,84;167,05;166,67;166,67;454
  09.12.2015;166,71;166,71;164,96;164,96;73
  10.12.2015;165,00;165,00;164,03;164,03;18
  11.12.2015;164,31;164,31;161,23;162,44;122
  14.12.2015;161,09;161,34;161,09;161,15;33
  15.12.2015;163,71;163,71;162,96;162,96;186
  16.12.2015;164,17;164,19;164,17;164,19;38
  17.12.2015;163,84;163,90;163,39;163,39;212
  18.12.2015;162,93;163,62;162,93;163,62;61
  21.12.2015;162,63;163,41;162,63;163,41;6
  22.12.2015;163,91;163,91;162,03;163,10;150
  23.12.2015;164,14;164,14;164,14;164,14;0
  28.12.2015;163,98;163,98;162,90;162,90;8
  29.12.2015;166,00;166,00;164,59;164,59;13
  30.12.2015;163,50;165,17;163,50;164,34;22
  04.01.2016;163,85;163,85;161,86;162,90;152
  05.01.2016;164,34;164,34;163,09;163,09;65
  06.01.2016;163,16;163,16;161,86;161,86;54
  07.01.2016;160,05;160,05;158,01;158,62;460
  08.01.2016;159,57;159,86;158,01;158,53;312
  11.01.2016;157,06;157,90;155,45;157,09;1.107
  12.01.2016;157,01;158,91;156,46;156,46;89
  13.01.2016;157,85;157,85;156,13;156,13;7
  14.01.2016;155,72;157,55;154,06;157,55;165
  15.01.2016;153,80;154,93;151,98;154,04;400
  18.01.2016;154,71;156,30;153,43;153,43;363
  19.01.2016;154,19;156,55;153,29;153,29;393
  20.01.2016;152,02;152,50;149,30;151,70;951
  21.01.2016;153,40;153,40;152,49;152,49;23
  22.01.2016;154,99;154,99;154,37;154,37;250
  25.01.2016;155,13;155,68;153,24;155,68;137
  26.01.2016;155,13;156,53;155,13;156,53;7
  27.01.2016;156,55;156,69;156,44;156,44;210
  28.01.2016;156,95;156,95;155,61;155,61;12
  29.01.2016;157,73;157,73;156,53;157,53;57
  01.02.2016;158,59;159,11;158,32;158,32;47
  02.02.2016;159,86;159,86;157,68;157,68;81
  03.02.2016;156,43;156,43;154,81;154,81;136
  04.02.2016;154,93;155,56;154,93;155,56;43
  05.02.2016;156,28;156,28;154,03;154,03;200
  08.02.2016;153,71;154,00;151,63;152,06;189
  09.02.2016;152,49;152,49;149,18;150,94;601
  10.02.2016;151,77;153,13;151,77;152,54;6
  11.02.2016;147,46;149,65;147,38;148,78;197
  12.02.2016;150,49;150,99;149,08;149,08;175
  15.02.2016;151,79;153,06;151,37;151,37;142
  16.02.2016;152,98;152,98;151,80;152,92;30
  17.02.2016;153,54;154,49;153,54;153,90;412
  18.02.2016;155,00;155,88;154,15;154,49;82
  19.02.2016;154,85;155,77;154,85;155,77;10
  22.02.2016;155,99;157,78;155,79;155,79;32
  23.02.2016;156,51;156,51;156,51;156,51;0
  24.02.2016;154,61;155,64;154,61;155,64;1
  25.02.2016;156,91;156,91;155,90;155,90;54
  26.02.2016;157,00;157,12;156,28;156,28;142
  29.02.2016;156,32;158,31;156,32;158,31;236
  01.03.2016;157,66;161,28;157,66;160,45;100
  02.03.2016;160,71;161,36;160,70;161,36;403
  03.03.2016;161,50;161,50;161,50;161,50;0
  04.03.2016;161,92;161,92;160,84;161,66;108
  07.03.2016;163,97;163,97;160,73;162,05;223
  08.03.2016;161,34;162,69;161,34;162,69;22
  09.03.2016;162,07;162,07;161,19;161,19;1
  10.03.2016;162,29;162,29;159,86;159,86;65
  11.03.2016;162,33;162,33;160,78;160,78;73
  14.03.2016;161,85;163,57;160,39;163,57;93
  15.03.2016;162,99;162,99;162,05;162,05;85
  16.03.2016;161,66;162,96;161,13;161,98;67
  17.03.2016;162,48;162,48;162,03;162,03;5
  18.03.2016;162,96;162,96;162,96;162,96;0
  21.03.2016;165,02;165,02;162,97;163,54;252
  22.03.2016;162,58;164,06;162,16;164,06;95
  23.03.2016;164,18;164,18;163,89;163,89;15
  24.03.2016;162,05;162,05;162,05;162,05;0
  29.03.2016;161,13;163,36;161,13;163,36;18
  30.03.2016;163,31;163,31;163,31;163,31;0
  31.03.2016;164,20;164,26;162,64;162,92;55
  01.04.2016;162,16;162,16;161,09;161,50;13
  04.04.2016;162,29;162,29;162,29;162,29;0
  05.04.2016;160,46;160,46;159,65;159,65;10
  06.04.2016;159,01;159,97;159,01;159,97;40
  07.04.2016;160,88;160,88;160,36;160,36;21
  08.04.2016;161,55;161,55;160,29;160,29;6
  11.04.2016;159,46;161,41;159,46;160,74;56
  12.04.2016;161,90;162,63;161,86;161,86;36
  13.04.2016;163,71;164,79;163,30;164,79;302
  14.04.2016;164,77;166,24;164,42;166,24;131
  15.04.2016;167,20;167,26;165,27;165,79;123
  18.04.2016;164,60;165,72;164,12;165,52;252
  19.04.2016;165,33;166,80;165,16;166,80;126
  20.04.2016;165,71;166,50;165,71;166,50;35
  21.04.2016;165,82;167,46;165,82;166,97;30
  22.04.2016;165,63;166,72;164,80;166,72;629
  25.04.2016;165,04;167,28;165,04;166,49;482
  26.04.2016;166,36;166,36;166,36;166,36;0
  27.04.2016;167,12;167,12;166,43;166,43;9
  28.04.2016;166,89;167,55;166,71;166,71;372
  29.04.2016;164,17;164,81;164,15;164,81;117
  02.05.2016;165,48;165,48;164,07;164,08;50
  03.05.2016;164,89;164,89;162,74;162,74;17
  04.05.2016;160,98;162,73;160,80;160,80;59
  05.05.2016;161,44;161,64;160,75;160,75;48
  06.05.2016;161,50;161,99;160,68;161,78;164
  09.05.2016;162,14;162,70;162,14;162,15;81
  10.05.2016;162,10;162,10;162,10;162,10;0
  11.05.2016;162,68;163,44;162,68;163,44;50
  12.05.2016;162,55;163,88;162,12;162,39;403
  13.05.2016;161,86;161,86;161,86;161,86;0
  16.05.2016;160,02;162,50;160,02;162,19;66
  17.05.2016;162,24;163,72;162,24;163,72;106
  18.05.2016;163,92;163,92;162,67;163,24;17
  19.05.2016;162,62;162,82;162,62;162,82;10
  20.05.2016;163,38;163,38;163,38;163,38;0
  23.05.2016;164,24;164,24;162,68;163,96;152
  24.05.2016;163,01;164,42;163,01;164,42;37
  25.05.2016;165,00;166,77;164,73;166,77;182
  26.05.2016;167,49;167,49;166,11;166,11;48
  27.05.2016;166,33;166,33;166,33;166,33;0
  30.05.2016;166,22;167,51;165,64;167,51;315
  31.05.2016;167,26;168,38;167,15;167,22;139
  01.06.2016;166,58;167,69;166,48;166,48;78
  02.06.2016;166,42;166,79;165,97;166,79;32
  03.06.2016;166,56;166,56;165,79;165,79;143
  06.06.2016;165,93;166,72;165,93;166,72;171
  07.06.2016;166,93;167,99;166,81;167,99;111
  08.06.2016;167,50;168,30;167,47;168,30;157
  09.06.2016;167,85;167,85;167,85;167,85;0
  10.06.2016;167,56;167,56;166,81;166,81;5
  13.06.2016;163,32;165,83;163,32;165,09;446
  14.06.2016;165,10;165,10;163,73;164,12;172
  15.06.2016;165,46;166,45;165,46;165,64;33
  16.06.2016;163,84;165,03;163,84;164,73;48
  17.06.2016;165,06;166,12;165,06;166,12;35
  20.06.2016;167,93;167,93;167,00;167,50;332
  21.06.2016;168,52;168,52;167,70;167,70;120
  22.06.2016;167,16;168,02;167,14;168,02;94
  23.06.2016;167,08;168,87;167,08;167,69;314
  24.06.2016;161,24;167,67;157,63;164,38;1.852
  27.06.2016;161,42;164,30;160,98;162,80;41
  28.06.2016;163,01;166,91;163,01;166,12;96
  29.06.2016;168,76;169,25;168,51;169,25;14
  30.06.2016;170,64;171,36;170,57;170,82;121
  01.07.2016;169,95;172,67;169,95;171,54;67
  04.07.2016;171,73;172,80;169,73;170,90;105
  05.07.2016;169,02;171,28;168,86;169,64;4
  06.07.2016;170,20;170,20;166,98;168,17;136
  07.07.2016;169,57;169,57;169,57;169,57;0
  08.07.2016;170,82;170,82;169,86;169,86;5
  11.07.2016;169,91;171,99;169,45;170,82;31
  12.07.2016;174,83;174,83;172,28;173,19;122
  13.07.2016;172,11;172,76;171,35;172,76;130
  14.07.2016;172,67;173,10;172,67;173,10;14
  15.07.2016;174,31;174,34;171,93;173,58;72
  18.07.2016;172,67;174,91;172,67;173,70;99
  19.07.2016;173,82;173,82;173,39;173,39;1
  20.07.2016;174,25;174,25;174,25;174,25;0
  21.07.2016;173,29;174,17;173,29;174,17;16
  22.07.2016;173,18;174,03;173,11;174,03;120
  25.07.2016;173,23;174,11;173,23;174,11;190
  26.07.2016;173,25;173,39;173,25;173,39;67
  27.07.2016;173,99;173,99;172,99;173,86;62
  28.07.2016;173,18;173,36;173,18;173,36;86
  29.07.2016;172,51;173,96;172,51;173,26;77
  01.08.2016;173,45;173,45;173,45;173,45;0
  02.08.2016;172,00;174,29;171,98;171,98;52
  03.08.2016;170,37;172,76;170,27;171,05;50
  04.08.2016;170,50;172,64;170,13;172,64;141
  05.08.2016;174,29;174,29;173,84;173,84;29
  08.08.2016;173,89;175,00;173,25;173,66;95
  09.08.2016;175,00;175,00;174,40;174,84;205
  10.08.2016;175,09;175,74;174,87;175,74;195
  11.08.2016;175,00;175,18;174,42;175,18;126
  12.08.2016;174,07;175,88;173,65;175,88;582
  15.08.2016;176,49;176,49;175,01;175,67;192
  16.08.2016;175,83;175,83;174,62;174,62;11
  17.08.2016;175,41;175,41;172,95;174,24;234
  18.08.2016;175,10;175,10;175,10;175,10;0
  19.08.2016;174,21;174,21;174,21;174,21;0
  22.08.2016;174,10;174,97;173,95;173,95;251
  23.08.2016;174,29;174,29;174,29;174,29;0
  24.08.2016;173,06;174,35;173,06;174,35;1
  25.08.2016;173,75;173,75;173,75;173,75;0
  26.08.2016;174,85;174,85;173,51;173,51;580
  29.08.2016;173,52;174,70;172,26;174,15;188
  30.08.2016;174,10;174,10;174,10;174,10;0
  31.08.2016;173,77;175,23;172,93;174,09;89
  01.09.2016;173,96;175,16;173,96;174,23;314
  02.09.2016;175,13;175,13;174,12;174,12;2
  05.09.2016;175,28;175,97;173,48;175,42;61
  06.09.2016;175,21;176,16;174,65;176,16;423
  07.09.2016;177,53;177,53;174,20;176,27;109
  08.09.2016;177,64;177,64;175,15;176,00;56
  09.09.2016;176,64;176,64;173,09;174,21;165
  12.09.2016;171,10;173,81;171,10;172,20;313
  13.09.2016;172,15;172,74;172,15;172,74;266
  14.09.2016;172,18;172,18;171,41;171,41;4
  15.09.2016;171,00;172,08;171,00;172,08;83
  16.09.2016;173,13;173,13;172,16;172,16;9
  19.09.2016;173,14;174,47;171,84;173,21;41
  20.09.2016;172,36;173,54;172,36;173,54;49
  21.09.2016;172,95;175,49;172,95;174,53;78
  22.09.2016;174,61;177,08;174,61;176,29;130
  23.09.2016;176,99;176,99;175,15;175,86;172
  26.09.2016;175,40;175,42;174,06;174,06;129
  27.09.2016;174,13;174,13;174,13;174,13;0
  28.09.2016;174,02;175,37;174,02;175,11;111
  29.09.2016;174,83;175,18;174,73;175,18;129
  30.09.2016;174,89;174,89;174,49;174,51;254
  03.10.2016;174,31;175,93;174,31;174,65;150
  04.10.2016;172,77;175,01;172,77;175,01;3
  05.10.2016;173,82;175,97;173,82;175,22;46
  06.10.2016;174,61;175,00;174,47;174,75;116
  07.10.2016;174,54;174,54;174,54;174,54;0
  10.10.2016;175,00;175,50;174,88;175,50;1.095
  11.10.2016;175,01;175,94;175,01;175,47;91
  12.10.2016;174,92;175,89;174,92;175,45;394
  13.10.2016;173,81;174,95;172,74;174,95;405
  14.10.2016;174,65;175,97;174,27;175,23;29
  17.10.2016;174,51;175,98;174,51;175,24;12
  18.10.2016;175,98;176,00;175,75;175,87;74
  19.10.2016;176,16;177,39;176,10;177,39;289
  20.10.2016;177,17;178,39;177,17;178,39;150
  21.10.2016;177,89;178,14;177,89;178,14;5
  24.10.2016;178,30;178,89;178,30;178,89;13
  25.10.2016;178,39;178,97;177,90;177,90;211
  26.10.2016;178,08;178,23;176,95;178,23;59
  27.10.2016;177,99;177,99;177,11;177,11;50
  28.10.2016;177,99;177,99;176,78;176,78;12
  31.10.2016;176,89;176,89;175,56;176,22;79
  01.11.2016;176,99;176,99;175,01;175,67;123
  02.11.2016;174,93;174,93;171,92;173,07;285
  03.11.2016;174,26;174,26;170,72;171,89;280
  04.11.2016;172,71;172,71;171,80;171,80;58
  07.11.2016;171,17;173,25;170,01;172,92;376
  08.11.2016;174,04;176,85;171,94;175,63;320
  09.11.2016;166,03;174,67;165,01;173,47;416
  10.11.2016;175,80;176,99;174,24;176,00;508
  11.11.2016;176,45;176,45;173,54;173,54;152
  14.11.2016;176,99;176,99;172,77;172,77;64
  15.11.2016;174,60;175,32;172,99;174,11;160
  16.11.2016;174,43;175,13;172,19;175,13;58
  17.11.2016;176,73;176,73;175,35;175,81;162
  18.11.2016;174,62;175,49;174,62;175,01;26
  21.11.2016;175,80;176,23;175,70;176,23;19
  22.11.2016;176,87;176,87;176,81;176,81;40
  23.11.2016;176,00;176,91;175,83;176,91;232
  24.11.2016;176,99;178,60;176,99;177,89;332
  25.11.2016;177,57;178,41;177,56;178,13;76
  28.11.2016;177,41;178,41;177,41;177,88;114
  29.11.2016;178,60;178,60;178,04;178,04;250
  30.11.2016;178,59;178,59;177,70;177,70;10
  01.12.2016;176,74;178,59;176,74;177,67;170
  02.12.2016;178,02;178,02;175,27;177,56;107
  05.12.2016;177,71;178,60;177,05;177,81;247
  06.12.2016;178,59;178,59;176,53;177,85;50
  07.12.2016;178,29;178,29;178,29;178,29;0
  08.12.2016;177,79;180,00;177,79;179,48;414
  09.12.2016;180,00;182,24;179,00;181,79;421
  12.12.2016;180,12;182,85;180,11;182,14;293
  13.12.2016;184,18;184,18;181,77;181,89;36
  14.12.2016;181,53;182,99;180,60;181,85;166
  15.12.2016;182,41;182,41;181,01;181,49;347
  16.12.2016;181,87;183,15;179,99;183,15;116
  19.12.2016;182,91;184,00;181,61;182,10;344
  20.12.2016;181,51;182,11;181,51;182,11;70
  21.12.2016;182,65;183,36;181,47;183,36;36
  22.12.2016;181,72;182,49;180,81;181,62;232
  23.12.2016;180,72;181,42;180,72;181,42;57
  27.12.2016;181,51;182,49;180,45;181,59;205
  28.12.2016;180,91;181,89;180,91;181,60;99
  29.12.2016;181,90;181,90;181,29;181,29;348
  30.12.2016;181,90;182,13;180,50;181,43;374
  02.01.2017;182,49;182,49;180,86;181,42;116
  03.01.2017;182,23;183,89;181,58;181,90;442
  04.01.2017;181,89;184,99;181,89;184,43;164
  05.01.2017;184,99;184,99;182,80;183,93;21
  06.01.2017;184,99;184,99;182,49;183,43;134
  09.01.2017;183,24;183,58;182,51;183,58;99
  10.01.2017;183,50;184,78;182,51;183,59;452
  11.01.2017;182,51;184,99;182,51;183,85;84
  12.01.2017;184,31;184,99;183,85;183,85;84
  13.01.2017;184,99;184,99;183,80;183,80;30
  16.01.2017;182,51;184,99;182,51;184,25;148
  17.01.2017;184,28;184,99;184,25;184,25;68
  18.01.2017;183,50;185,41;182,56;183,30;406
  19.01.2017;183,49;183,49;182,01;182,76;78
  20.01.2017;183,44;183,44;181,97;182,94;174
  23.01.2017;181,82;183,59;181,82;182,68;145
  24.01.2017;181,82;184,76;181,82;183,32;158
  25.01.2017;182,00;184,99;182,00;184,19;255
  26.01.2017;184,99;184,99;183,95;184,19;90
  27.01.2017;184,99;184,99;184,19;184,19;20
  30.01.2017;184,99;184,99;182,46;183,61;430
  31.01.2017;182,38;183,55;181,82;182,64;939
  01.02.2017;183,19;184,21;181,50;182,92;170
  02.02.2017;184,22;184,22;183,14;183,14;27
  03.02.2017;183,50;183,50;183,50;183,50;0
  06.02.2017;185,28;185,30;183,97;184,64;178
  07.02.2017;183,84;185,17;183,67;183,67;134
  08.02.2017;183,77;184,13;183,77;184,13;13
  09.02.2017;183,52;185,99;183,52;185,50;579
  10.02.2017;185,00;185,99;185,00;185,71;25
  13.02.2017;185,99;189,23;185,65;187,96;758
  14.02.2017;189,00;189,00;187,26;187,26;46
  15.02.2017;188,08;189,40;187,50;187,74;190
  16.02.2017;187,99;188,86;187,99;188,86;320
  17.02.2017;188,50;188,50;187,22;187,48;315
  20.02.2017;187,83;189,25;187,83;187,98;432
  21.02.2017;189,99;189,99;188,72;188,72;5
  22.02.2017;187,64;191,30;187,64;190,00;141
  23.02.2017;189,83;191,40;188,76;189,76;346
  24.02.2017;189,76;189,92;186,86;188,62;64
  27.02.2017;188,84;188,94;188,26;188,26;97
  28.02.2017;187,32;190,27;187,32;187,47;513
  01.03.2017;187,95;189,75;187,60;189,28;134
  02.03.2017;189,42;190,95;187,58;190,24;937
  03.03.2017;191,11;191,11;187,81;189,08;72
  06.03.2017;189,18;190,20;187,35;188,94;321
  07.03.2017;189,06;189,06;187,94;187,94;69
  08.03.2017;189,06;189,06;186,67;187,89;220
  09.03.2017;185,99;188,77;185,99;187,27;197
  10.03.2017;188,49;188,49;187,25;187,25;48
  13.03.2017;187,39;187,39;186,40;186,70;185
  14.03.2017;186,01;187,94;185,19;185,92;653
  15.03.2017;186,49;187,74;185,72;187,46;130
  16.03.2017;186,67;189,61;186,67;188,95;75
  17.03.2017;187,99;187,99;187,37;187,37;96
  20.03.2017;187,99;187,99;186,71;187,35;284
  21.03.2017;186,32;187,99;186,32;187,61;18
  22.03.2017;185,77;186,97;185,58;185,72;154
  23.03.2017;186,06;187,91;186,06;187,04;370
  24.03.2017;187,99;187,99;187,03;187,03;46
  27.03.2017;186,45;186,45;185,29;185,29;50
  28.03.2017;187,97;187,97;186,10;186,49;59
  29.03.2017;185,00;187,89;185,00;187,20;108
  30.03.2017;187,53;188,87;187,53;188,87;12
  31.03.2017;189,85;189,89;188,72;188,72;168
  03.04.2017;189,53;190,00;187,17;188,48;493
  04.04.2017;188,62;188,62;188,35;188,35;94
  05.04.2017;188,00;190,03;188,00;190,03;55
  06.04.2017;187,81;190,61;187,81;189,30;56
  07.04.2017;189,31;189,61;189,31;189,61;80
  10.04.2017;189,50;190,82;188,73;190,09;73
  11.04.2017;191,00;191,00;188,30;190,11;296
  12.04.2017;191,73;191,73;189,87;189,87;555
  13.04.2017;189,10;189,10;188,13;188,57;137
  18.04.2017;189,10;189,10;187,91;188,43;230
  19.04.2017;188,86;189,09;188,01;188,60;49
  20.04.2017;188,13;188,13;186,82;187,60;121
  21.04.2017;188,00;188,00;186,93;187,41;45
  24.04.2017;188,09;188,44;187,74;188,44;592
  25.04.2017;188,35;188,35;188,35;188,35;0
  26.04.2017;187,80;189,06;187,73;188,08;100
  27.04.2017;187,11;189,06;187,11;188,14;246
  28.04.2017;187,11;188,42;187,11;188,42;40
  02.05.2017;188,77;189,95;187,56;188,23;762
  03.05.2017;187,39;189,00;187,37;188,20;88
  04.05.2017;187,06;188,99;187,06;188,00;61
  05.05.2017;187,01;188,99;187,01;188,00;68
  08.05.2017;187,89;188,01;187,02;188,01;511
  09.05.2017;187,16;188,00;187,16;187,56;88
  10.05.2017;187,18;188,42;187,18;188,42;37
  11.05.2017;187,43;189,00;187,43;188,36;320
  12.05.2017;189,00;191,12;188,39;189,78;193
  15.05.2017;188,06;191,30;188,06;189,91;22
  16.05.2017;189,90;190,90;189,78;189,78;172
  17.05.2017;188,95;188,99;187,80;187,80;29
  18.05.2017;186,00;186,00;185,54;185,54;77
  19.05.2017;186,95;187,85;185,01;187,00;216
  22.05.2017;185,30;187,48;185,30;187,48;20
  23.05.2017;186,32;187,03;186,32;187,03;40
  24.05.2017;185,72;187,19;185,72;187,19;50
  25.05.2017;186,51;186,51;186,51;186,51;0
  26.05.2017;188,70;188,70;187,10;187,10;111
  29.05.2017;186,27;187,33;186,27;187,33;24
  30.05.2017;186,70;187,95;186,56;187,95;79
  31.05.2017;187,89;187,89;187,01;187,01;1
  01.06.2017;187,42;188,98;186,41;186,83;60
  02.06.2017;188,69;188,69;187,53;187,53;1
  06.06.2017;188,50;189,27;186,52;187,07;134
  07.06.2017;186,21;187,94;186,21;187,07;23
  08.06.2017;186,21;187,79;186,21;187,30;24
  09.06.2017;188,42;188,42;187,24;187,24;96
  12.06.2017;187,46;188,00;185,87;187,07;751
  13.06.2017;187,89;187,89;187,20;187,20;53
  14.06.2017;187,69;188,21;186,81;188,21;73
  15.06.2017;187,69;187,69;186,21;186,80;13
  16.06.2017;188,89;188,89;187,80;187,80;4
  19.06.2017;187,99;188,23;187,11;188,23;53
  20.06.2017;186,44;188,23;186,44;188,10;51
  21.06.2017;186,58;189,38;186,58;187,34;128
  22.06.2017;186,13;188,70;186,13;187,86;59
  23.06.2017;187,88;187,88;187,88;187,88;0
  26.06.2017;187,12;189,00;187,12;187,85;259
  27.06.2017;186,05;186,81;186,05;186,81;3
  28.06.2017;186,57;186,57;185,12;185,73;125
  29.06.2017;186,97;186,97;184,47;185,10;82
  30.06.2017;183,00;183,64;182,87;183,64;231
  03.07.2017;186,31;186,37;183,51;184,97;253
  04.07.2017;184,83;186,00;183,00;185,74;42
  05.07.2017;184,38;185,74;184,38;185,74;6
  06.07.2017;185,40;185,40;185,40;185,40;0
  07.07.2017;183,71;186,20;183,67;184,00;151
  10.07.2017;182,66;186,13;182,66;184,84;428
  11.07.2017;184,97;186,01;183,41;185,08;100
  12.07.2017;185,90;185,91;184,14;185,91;152
  13.07.2017;187,00;187,00;186,53;186,53;3
  14.07.2017;186,78;186,78;185,64;186,38;33
  17.07.2017;185,41;186,95;185,41;186,77;51
  18.07.2017;185,80;187,15;185,54;185,92;193
  19.07.2017;185,90;185,90;185,90;185,90;0
  20.07.2017;186,34;186,55;185,56;186,55;128
  21.07.2017;186,83;186,83;185,17;185,17;34
  24.07.2017;185,13;185,70;184,87;184,87;184
  25.07.2017;183,96;185,47;183,96;185,47;190
  26.07.2017;185,07;186,00;185,07;185,39;42
  27.07.2017;184,96;185,63;184,96;185,63;10
  28.07.2017;185,00;185,13;185,00;185,13;185
  31.07.2017;184,43;184,66;184,34;184,66;66
  01.08.2017;184,75;184,75;184,66;184,66;108
  02.08.2017;183,71;184,88;183,71;184,61;159
  03.08.2017;184,20;184,66;183,91;183,91;75
  04.08.2017;183,79;184,45;183,70;184,45;92
  07.08.2017;185,18;185,27;184,81;184,81;63
  08.08.2017;185,24;185,58;185,24;185,58;263
  09.08.2017;184,51;185,20;184,51;185,20;20
  10.08.2017;185,00;185,00;184,39;184,39;64
  11.08.2017;183,25;183,92;182,95;182,95;411
  14.08.2017;183,47;183,71;183,46;183,71;571
  15.08.2017;183,05;184,10;183,05;183,75;80
  16.08.2017;184,35;184,50;183,65;184,50;585
  17.08.2017;184,22;184,22;184,22;184,22;166
  18.08.2017;183,25;183,25;182,96;182,96;500
  21.08.2017;183,09;183,27;182,43;183,01;472
  22.08.2017;182,87;184,08;182,87;183,86;359
  23.08.2017;183,64;184,78;183,64;184,78;50
  24.08.2017;184,52;184,64;184,15;184,15;180
  25.08.2017;184,61;184,61;184,12;184,49;109
  28.08.2017;184,29;184,29;183,45;183,45;323
  29.08.2017;182,18;182,78;181,43;182,48;213
  30.08.2017;183,32;183,32;182,92;182,92;215
  31.08.2017;182,59;184,21;182,59;184,21;127
  01.09.2017;184,65;185,93;184,65;185,44;131
  04.09.2017;185,00;185,00;184,20;184,91;727
  05.09.2017;184,09;184,09;184,09;184,09;0
  06.09.2017;184,00;184,19;184,00;184,19;100
  07.09.2017;184,22;184,97;184,22;184,97;120
  08.09.2017;184,12;184,48;184,09;184,48;200
  11.09.2017;184,45;185,60;184,45;184,93;252
  12.09.2017;184,86;186,09;184,86;186,09;506
  13.09.2017;185,74;186,40;185,63;185,74;203
  14.09.2017;185,61;186,16;185,61;185,95;283
  15.09.2017;186,35;186,35;186,35;186,35;8
  18.09.2017;187,20;187,20;186,27;186,27;141
  19.09.2017;185,94;186,23;185,94;186,23;2
  20.09.2017;185,96;186,19;185,96;186,19;35
  21.09.2017;186,46;186,48;186,16;186,16;421
  22.09.2017;186,30;186,30;186,24;186,24;10
  25.09.2017;185,92;186,30;185,74;185,92;333
  26.09.2017;186,09;186,63;185,81;186,53;88
  27.09.2017;185,06;187,37;185,06;186,85;55
  28.09.2017;186,60;187,48;186,60;187,48;28
  29.09.2017;187,27;187,93;187,10;187,10;86
  02.10.2017;186,83;187,53;186,83;187,46;378
  03.10.2017;188,16;188,64;187,72;188,64;352
  04.10.2017;188,16;188,64;187,72;188,64;352
  05.10.2017;189,00;189,22;188,25;188,75;184
  06.10.2017;189,19;189,93;188,25;189,46;103
  09.10.2017;190,00;190,00;188,71;188,71;228
  10.10.2017;188,43;189,26;188,43;189,26;168
  11.10.2017;189,21;189,25;188,75;189,25;296
  12.10.2017;188,60;189,47;188,58;189,29;256
  13.10.2017;189,63;189,63;189,14;189,62;160
  16.10.2017;189,57;190,27;189,49;190,27;786
  17.10.2017;189,98;190,31;189,98;190,31;160
  18.10.2017;190,79;190,84;189,99;190,53;157
  19.10.2017;189,83;190,03;189,83;190,03;65
  20.10.2017;190,50;190,66;189,81;189,81;558
  23.10.2017;189,62;191,52;189,62;190,29;401
  24.10.2017;189,97;190,49;189,75;190,07;341
  25.10.2017;189,85;190,19;189,08;189,82;275
  26.10.2017;189,65;191,00;189,60;190,62;159
  27.10.2017;190,72;192,53;190,71;191,55;793
  30.10.2017;190,52;192,22;190,52;192,22;423
  01.11.2017;191,78;192,34;191,78;191,98;255
  02.11.2017;192,34;193,52;191,40;193,52;396
  03.11.2017;193,35;193,93;193,31;193,55;414
  06.11.2017;192,74;194,74;192,74;194,30;1.213
  07.11.2017;194,21;195,10;194,18;195,10;252
  08.11.2017;194,88;195,55;194,88;194,99;86
  09.11.2017;194,11;195,47;194,11;194,59;77
  10.11.2017;194,53;194,96;193,32;193,32;199
  13.11.2017;194,40;194,40;192,61;192,61;306
  14.11.2017;192,47;192,87;192,43;192,43;72
  15.11.2017;191,37;191,37;190,19;190,19;66
  16.11.2017;190,50;191,45;190,35;190,82;692
  17.11.2017;190,65;191,94;190,65;191,94;6
  20.11.2017;192,52;192,52;191,31;191,99;282
  21.11.2017;191,83;193,30;191,83;193,30;556
  22.11.2017;192,30;193,13;192,30;193,13;80
  23.11.2017;193,24;193,24;193,24;193,24;0
  24.11.2017;193,16;193,82;192,82;192,89;432
  27.11.2017;192,36;193,18;191,65;191,65;212
  28.11.2017;190,43;192,57;190,43;191,95;98
  29.11.2017;191,83;193,16;191,83;192,64;837
  30.11.2017;193,08;193,22;191,88;191,88;71
  01.12.2017;191,67;191,67;190,34;190,34;118
  04.12.2017;190,32;192,25;190,30;191,77;2.262
  05.12.2017;191,24;191,31;190,89;191,31;411
  06.12.2017;191,00;191,43;189,86;191,01;606
  07.12.2017;190,90;191,28;190,25;191,26;357
  08.12.2017;192,33;192,39;191,32;191,82;62
  11.12.2017;191,99;192,69;191,62;192,69;121
  12.12.2017;192,65;192,65;192,51;192,51;1
  13.12.2017;192,78;193,21;192,20;192,87;164
  14.12.2017;192,31;192,39;192,31;192,39;25
  15.12.2017;192,35;192,65;191,54;192,13;80
  18.12.2017;192,51;192,84;192,51;192,84;435
  19.12.2017;192,68;193,46;192,60;192,60;97
  20.12.2017;193,63;193,63;192,42;192,42;56
  21.12.2017;192,60;192,73;191,50;192,21;262
  22.12.2017;191,30;193,14;191,30;193,14;432
  27.12.2017;192,06;192,86;191,71;192,86;1.192
  28.12.2017;193,17;194,07;191,69;193,14;772
  29.12.2017;193,86;193,86;193,37;193,69;88
  02.01.2018;193,30;193,41;192,27;193,07;331
  03.01.2018;193,31;194,72;192,92;194,13;1.414
  04.01.2018;194,60;195,15;193,85;195,15;188
  05.01.2018;194,61;195,62;194,35;195,62;671
  08.01.2018;198,00;198,00;195,46;196,51;361
  09.01.2018;196,59;197,29;196,13;196,85;340
  10.01.2018;196,80;197,18;196,22;196,82;645
  11.01.2018;195,93;196,19;195,93;196,19;6
  12.01.2018;196,45;196,88;194,96;194,96;471
  15.01.2018;195,91;195,91;193,90;194,16;585
  16.01.2018;194,86;195,33;194,36;195,02;820
  17.01.2018;195,25;195,41;194,97;194,97;18
  18.01.2018;195,02;195,90;194,66;195,90;511
  19.01.2018;196,06;196,86;195,73;195,99;91
  22.01.2018;195,50;196,70;195,50;196,52;241
  23.01.2018;196,00;197,95;196,00;197,90;779
  24.01.2018;197,05;198,02;196,55;196,55;491
  25.01.2018;195,93;196,50;195,54;195,55;163
  26.01.2018;196,59;196,59;196,59;196,59;0
  29.01.2018;196,78;197,36;196,59;196,70;1.184
  30.01.2018;196,37;197,17;194,93;194,93;1.126
  31.01.2018;194,41;194,72;193,79;194,29;416
  01.02.2018;194,41;194,41;193,06;193,93;445
  02.02.2018;193,99;194,16;190,96;191,81;718
  05.02.2018;191,17;192,13;188,87;189,12;1.503
  06.02.2018;183,07;186,96;181,92;185,85;4.983
  07.02.2018;186,04;191,99;184,79;190,77;1.493
  08.02.2018;191,06;191,06;188,69;188,69;379
  09.02.2018;186,17;187,50;185,51;186,18;223
  12.02.2018;184,83;188,47;184,60;188,47;1.405
  13.02.2018;187,34;188,52;187,34;188,48;420
  14.02.2018;187,67;189,49;187,06;189,49;63
  15.02.2018;188,65;190,97;188,65;189,71;777
  16.02.2018;190,50;190,74;190,15;190,74;29
  19.02.2018;191,11;192,10;189,95;191,42;1.617
  20.02.2018;191,08;191,68;190,61;190,79;134
  21.02.2018;191,38;192,42;191,03;191,81;143
  22.02.2018;190,86;191,24;190,44;190,44;39
  23.02.2018;191,35;192,10;191,35;191,82;113
  26.02.2018;193,68;193,93;191,58;193,93;218
  27.02.2018;193,00;194,50;193,00;193,67;152
  28.02.2018;191,96;193,70;191,76;191,76;172
  01.03.2018;192,46;192,46;189,58;189,66;626
  02.03.2018;188,72;189,40;187,28;187,71;375
  05.03.2018;188,70;189,16;187,25;189,16;322
  06.03.2018;190,59;191,29;190,59;191,29;106
  07.03.2018;189,41;190,64;188,55;188,55;558
  08.03.2018;188,07;190,29;188,07;190,29;144
  09.03.2018;191,15;192,24;191,15;192,24;29
  12.03.2018;191,38;193,64;191,38;192,55;786
  13.03.2018;192,75;193,36;192,04;192,04;101
  14.03.2018;191,12;192,47;190,73;190,73;608
  15.03.2018;191,31;191,50;191,00;191,00;298
  16.03.2018;191,89;192,02;191,68;191,68;56
  19.03.2018;191,39;191,39;189,70;190,19;200
  20.03.2018;190,56;190,56;190,10;190,10;160
  21.03.2018;190,11;191,15;190,11;191,15;487
  22.03.2018;189,04;189,16;189,04;189,16;21
  23.03.2018;187,95;188,31;185,41;185,41;775
  26.03.2018;186,10;186,89;184,92;186,89;977
  27.03.2018;188,83;190,44;188,77;189,16;137
  28.03.2018;187,58;189,15;186,28;186,28;145
  29.03.2018;186,38;188,94;186,38;188,94;320
  03.04.2018;188,86;188,86;187,59;187,68;330
  04.04.2018;186,81;188,42;186,81;187,01;304
  05.04.2018;188,50;190,01;187,73;190,01;282
  06.04.2018;190,93;190,93;189,53;189,53;166
  09.04.2018;190,98;190,98;188,85;189,04;1.163
  10.04.2018;188,50;190,81;188,50;190,81;520
  11.04.2018;190,14;190,78;188,56;190,24;751
  12.04.2018;189,98;190,10;189,98;190,10;3
  13.04.2018;191,59;191,59;190,00;190,85;95
  16.04.2018;188,63;191,49;188,63;189,86;356
  17.04.2018;188,67;190,35;188,67;190,35;10
  18.04.2018;191,21;192,32;190,84;192,32;140
  19.04.2018;192,25;192,25;191,60;191,83;190
  20.04.2018;191,35;191,71;190,51;190,51;172
  23.04.2018;190,16;190,31;189,00;190,19;246
  24.04.2018;191,34;191,34;190,35;190,92;329
  25.04.2018;190,81;190,81;188,58;188,58;147
  26.04.2018;188,10;191,65;188,10;191,28;353
  27.04.2018;191,99;192,80;191,99;192,80;34
  30.04.2018;195,91;195,91;192,46;193,05;676
  02.05.2018;193,85;193,85;192,88;192,88;329
  03.05.2018;193,27;193,27;191,43;191,82;648
  04.05.2018;191,62;193,71;191,59;193,40;53
  07.05.2018;194,00;194,57;193,42;193,42;118
  08.05.2018;194,15;194,52;194,15;194,52;3
  09.05.2018;194,52;195,17;194,52;195,05;101
  10.05.2018;194,57;195,59;194,57;195,59;52
  11.05.2018;196,52;196,95;194,52;196,29;503
  14.05.2018;198,48;198,48;195,66;195,66;401
  15.05.2018;195,78;195,86;194,81;195,03;47
  16.05.2018;195,90;196,38;195,76;195,76;59
  17.05.2018;197,38;197,38;195,05;196,54;765
  18.05.2018;195,92;196,92;195,79;195,79;45
  22.05.2018;196,16;197,26;196,16;197,26;110
  23.05.2018;198,25;198,25;195,75;195,75;40
  24.05.2018;195,43;196,95;195,43;196,86;216
  25.05.2018;198,49;198,49;196,45;196,45;110
  28.05.2018;198,00;198,00;196,17;196,89;107
  29.05.2018;197,48;197,48;195,40;195,55;234
  30.05.2018;195,91;195,91;195,33;195,33;40
  31.05.2018;193,32;195,50;193,32;195,04;148
  01.06.2018;195,05;196,42;194,48;196,42;66
  04.06.2018;197,00;197,75;196,65;197,44;189
  05.06.2018;199,01;199,01;196,43;196,52;375
  06.06.2018;197,77;197,77;196,26;196,26;10
  07.06.2018;196,14;196,14;196,09;196,09;8
  08.06.2018;196,21;196,21;194,59;194,59;70
  11.06.2018;194,78;196,21;194,78;196,21;390
  12.06.2018;196,87;196,87;196,09;196,09;8
  13.06.2018;196,41;196,41;195,45;196,19;15
  14.06.2018;194,59;197,28;194,59;196,67;562
  15.06.2018;196,37;196,90;196,37;196,90;92
  18.06.2018;196,69;197,89;194,17;194,77;1.042
  19.06.2018;193,90;194,75;193,02;193,49;91
  20.06.2018;194,53;195,73;194,53;195,73;206
  21.06.2018;194,67;194,69;193,99;193,99;339
  22.06.2018;194,36;195,17;193,07;193,66;201
  25.06.2018;194,32;194,32;191,63;191,73;311
  26.06.2018;191,44;191,73;190,67;191,73;26
  27.06.2018;191,32;193,34;191,32;192,50;316
  28.06.2018;192,23;192,23;191,37;191,37;5
  29.06.2018;190,89;193,37;190,89;192,75;132
  02.07.2018;192,25;192,50;191,33;191,33;471
  03.07.2018;192,49;192,74;192,18;192,18;20
  04.07.2018;192,82;192,82;191,64;191,69;140
  05.07.2018;191,69;192,31;191,69;191,92;40
  06.07.2018;192,76;192,76;190,86;192,17;58
  09.07.2018;191,53;193,67;191,53;193,38;271
  10.07.2018;193,03;194,47;193,03;193,92;80
  11.07.2018;193,22;193,42;191,56;191,56;202
  12.07.2018;192,10;193,11;192,10;192,82;493
  13.07.2018;193,20;193,69;193,20;193,69;37
  16.07.2018;194,00;194,00;192,72;192,72;173
  17.07.2018;192,79;193,20;191,06;192,29;4
  18.07.2018;194,06;194,06;194,06;194,06;0
  19.07.2018;194,50;194,78;193,34;193,40;274
  20.07.2018;194,49;194,49;192,83;192,83;10
  23.07.2018;194,91;194,91;192,51;193,33;116
  24.07.2018;193,73;194,28;193,73;194,28;135
  25.07.2018;194,80;195,28;194,80;195,22;165
  26.07.2018;194,05;196,10;194,05;196,10;152
  27.07.2018;196,74;196,74;195,46;196,36;73
  30.07.2018;196,92;196,92;195,04;195,04;133
  31.07.2018;193,58;194,70;193,58;194,70;21
  01.08.2018;193,95;194,96;193,95;194,96;20
  02.08.2018;194,70;195,37;194,61;195,09;175
  03.08.2018;194,99;195,72;194,90;195,72;97
  06.08.2018;195,96;196,72;195,96;196,25;172
  07.08.2018;197,00;197,00;196,92;196,92;38
  08.08.2018;197,51;197,51;196,96;196,96;140
  09.08.2018;197,20;197,20;196,27;196,27;21
  10.08.2018;196,30;196,38;195,65;196,25;903
  13.08.2018;196,57;198,06;194,49;194,49;378
  14.08.2018;194,03;195,81;192,11;195,81;253
  15.08.2018;194,13;196,06;194,13;194,81;878
  16.08.2018;194,90;195,51;194,02;194,02;277
  17.08.2018;195,27;195,27;193,64;195,06;90
  20.08.2018;196,13;196,26;195,11;195,84;101
  21.08.2018;195,68;196,08;194,74;194,74;65
  22.08.2018;195,25;195,25;194,03;194,91;85
  23.08.2018;194,07;195,51;194,07;194,36;238
  24.08.2018;195,03;195,21;194,35;194,35;137
  27.08.2018;193,76;196,06;193,76;194,92;213
  28.08.2018;197,28;197,28;195,30;195,58;56
  29.08.2018;194,61;195,49;194,61;194,99;58
  30.08.2018;194,50;195,17;194,50;195,00;95
  31.08.2018;194,12;194,50;193,85;193,85;174
  03.09.2018;193,71;194,52;193,55;194,03;632
  04.09.2018;194,96;194,96;193,16;193,58;90
  05.09.2018;193,50;193,50;191,59;191,59;222
  06.09.2018;189,86;192,80;189,86;191,52;659
  07.09.2018;191,23;192,31;190,66;192,03;331
  10.09.2018;191,21;192,80;191,21;192,19;64
  11.09.2018;191,95;192,99;191,72;191,78;264
  12.09.2018;189,17;193,10;189,17;192,66;4.042
  13.09.2018;193,33;193,33;193,33;193,33;0
  14.09.2018;193,34;193,34;191,99;192,54;54
  17.09.2018;192,00;192,55;192,00;192,55;78
  18.09.2018;192,57;192,79;191,51;192,79;94
  19.09.2018;192,71;193,35;192,71;192,96;115
  20.09.2018;193,02;194,19;193,02;194,19;53
  21.09.2018;194,10;194,67;193,77;194,30;190
  24.09.2018;193,85;193,99;192,88;193,71;348
  25.09.2018;193,95;194,00;193,54;193,85;249
  26.09.2018;194,03;194,51;193,76;194,07;757
  27.09.2018;193,31;194,71;193,31;194,39;72
  28.09.2018;194,61;195,02;193,56;195,02;730
  01.10.2018;195,51;196,34;195,38;195,85;211
  02.10.2018;195,16;196,47;195,09;196,47;637
  03.10.2018;196,53;196,53;196,53;196,53;0
  04.10.2018;194,56;195,97;194,47;194,47;63
  05.10.2018;194,98;194,98;193,39;193,39;54
  08.10.2018;193,84;193,84;192,93;192,93;34
  09.10.2018;192,27;194,19;192,27;194,19;35
  10.10.2018;193,59;193,59;191,49;191,97;504
  11.10.2018;185,60;187,30;185,03;185,15;976
  12.10.2018;186,02;188,42;184,84;186,51;1.783
  15.10.2018;188,43;189,52;188,17;189,52;204
  16.10.2018;188,88;191,14;188,88;190,53;270
  17.10.2018;192,40;192,40;190,42;191,35;15
  18.10.2018;191,63;192,17;189,74;190,16;1.710
  19.10.2018;190,73;190,73;189,44;189,44;16
  22.10.2018;190,73;190,73;189,28;189,28;137
  23.10.2018;188,60;188,60;185,38;187,15;209
  24.10.2018;187,81;188,35;186,17;188,35;445
  25.10.2018;186,09;187,76;185,06;187,54;263
  26.10.2018;187,37;187,37;184,27;184,99;279
  29.10.2018;186,19;187,69;186,19;187,69;144
  30.10.2018;185,98;188,71;185,98;187,57;21
  31.10.2018;188,07;190,58;188,07;189,89;459
  01.11.2018;191,24;192,00;190,79;191,67;150
  02.11.2018;192,04;193,11;190,79;190,79;143
  05.11.2018;190,41;191,26;190,41;191,16;190
  06.11.2018;190,24;191,95;190,24;191,39;136
  07.11.2018;191,48;193,10;191,48;191,66;77
  08.11.2018;192,00;192,00;192,00;192,00;0
  09.11.2018;192,62;192,62;191,01;191,01;102
  12.11.2018;189,75;190,67;188,43;189,57;1.186
  13.11.2018;188,69;191,07;188,69;191,07;24
  14.11.2018;189,63;190,20;189,63;189,70;6
  15.11.2018;188,94;189,33;188,08;189,33;175
  16.11.2018;190,80;190,82;189,37;189,50;981
  19.11.2018;190,60;190,60;186,77;186,77;101
  20.11.2018;186,77;186,77;184,25;184,25;140
  21.11.2018;186,00;187,75;185,51;187,75;345
  22.11.2018;188,01;188,01;186,57;186,57;99
  23.11.2018;186,58;187,29;186,55;187,29;97
  26.11.2018;187,71;188,33;187,09;188,33;100
  27.11.2018;188,79;188,79;188,79;188,79;0
  28.11.2018;188,20;190,43;188,20;190,43;92
  29.11.2018;190,25;190,31;190,25;190,31;82
  30.11.2018;190,80;190,80;190,24;190,24;25
  03.12.2018;190,51;194,09;190,51;192,62;575
  04.12.2018;192,81;193,34;190,35;190,35;821
  05.12.2018;187,50;189,81;187,50;189,81;81
  06.12.2018;187,04;188,17;184,60;188,17;230
  07.12.2018;186,12;188,70;186,12;188,09;399
  10.12.2018;187,00;187,00;185,21;186,00;989
  11.12.2018;186,95;187,26;186,22;186,66;870
  12.12.2018;188,75;189,58;188,75;189,20;81
  13.12.2018;188,55;188,57;188,50;188,50;38
  14.12.2018;188,03;188,03;185,34;186,70;314
  17.12.2018;188,08;188,08;184,50;184,50;475
  18.12.2018;185,67;185,71;184,00;185,71;62
  19.12.2018;185,83;185,83;185,83;185,83;0
  20.12.2018;182,41;183,69;181,99;182,78;842
  21.12.2018;181,94;182,38;181,04;182,38;123
  27.12.2018;181,97;183,34;180,78;181,50;625
  28.12.2018;181,91;183,24;181,50;182,17;341
  02.01.2019;183,45;183,52;181,02;183,52;501
  03.01.2019;182,39;183,00;182,39;183,00;3
  04.01.2019;182,40;186,20;181,75;185,44;421
  07.01.2019;186,38;187,60;185,45;185,95;526
  08.01.2019;186,65;186,65;185,58;185,95;36
  09.01.2019;185,79;187,56;185,79;186,89;62
  10.01.2019;187,69;187,69;185,84;187,20;706
  11.01.2019;187,03;187,19;185,66;186,26;148
  14.01.2019;186,50;187,53;185,90;187,53;441
  15.01.2019;189,04;189,04;188,96;188,96;25
  16.01.2019;189,08;189,55;189,08;189,55;32
  17.01.2019;189,95;190,14;188,69;189,88;566
  18.01.2019;189,38;191,33;189,38;191,33;41
  21.01.2019;190,71;192,11;190,31;190,91;56
  22.01.2019;190,32;191,13;190,24;190,24;163
  23.01.2019;189,46;190,95;189,46;190,95;120
  24.01.2019;189,95;190,76;189,95;190,76;4
  25.01.2019;192,70;192,70;191,59;192,62;372
  28.01.2019;192,04;192,04;190,63;190,63;32
  29.01.2019;191,57;191,57;190,64;191,42;33
  30.01.2019;192,11;192,42;191,65;192,30;138
  31.01.2019;192,23;193,51;192,23;193,34;342
  01.02.2019;193,42;193,52;192,54;193,52;98
  04.02.2019;194,02;194,17;192,74;193,75;101
  05.02.2019;192,91;195,00;192,91;194,88;55
  06.02.2019;195,45;195,45;195,10;195,10;11
  07.02.2019;194,23;194,23;192,50;193,20;16
  08.02.2019;193,00;193,59;193,00;193,59;60
  11.02.2019;194,00;194,00;193,45;193,78;183
  12.02.2019;193,97;195,45;193,95;195,08;184
  13.02.2019;193,96;195,00;193,96;194,91;11
  14.02.2019;193,79;195,51;193,79;195,51;204
  15.02.2019;193,34;195,61;193,34;195,60;465
  18.02.2019;196,93;196,93;195,54;196,15;259
  19.02.2019;194,93;196,21;194,93;195,38;371
  20.02.2019;195,83;196,40;195,83;196,40;883
  21.02.2019;196,89;196,89;195,34;196,56;112
  22.02.2019;196,90;197,32;196,68;197,32;207
  25.02.2019;197,52;197,56;196,52;197,37;314
  26.02.2019;197,50;197,50;197,50;197,50;0
  27.02.2019;197,00;197,80;196,94;196,94;56
  28.02.2019;196,07;196,33;196,07;196,33;7
  01.03.2019;195,07;197,34;195,07;196,60;90
  04.03.2019;196,59;197,49;196,59;196,66;148
  05.03.2019;196,08;197,51;196,08;196,78;76
  06.03.2019;196,51;197,00;196,51;196,78;106
  07.03.2019;196,50;196,50;196,14;196,23;153
  08.03.2019;196,22;196,22;196,22;196,22;0
  11.03.2019;196,27;196,90;195,20;196,90;120
  12.03.2019;197,27;197,89;195,92;197,20;1.130
  13.03.2019;197,01;197,85;197,01;197,57;83
  14.03.2019;195,69;197,50;195,69;197,34;264
  15.03.2019;197,98;197,98;197,23;197,82;167
  18.03.2019;198,08;199,10;197,80;198,76;108
  19.03.2019;198,23;199,42;197,35;199,06;1.412
  20.03.2019;198,44;199,31;198,44;198,98;103
  21.03.2019;198,16;198,99;198,16;198,99;164
  22.03.2019;199,45;199,48;198,01;198,77;54
  25.03.2019;196,73;198,10;196,52;197,27;704
  26.03.2019;198,30;198,91;198,30;198,30;198
  27.03.2019;198,63;199,04;198,20;198,41;154
  28.03.2019;199,03;199,03;198,39;198,39;39
  29.03.2019;199,23;199,30;198,34;198,99;196
  01.04.2019;199,96;201,61;199,94;200,70;694
  02.04.2019;201,23;201,47;200,14;201,43;234
  03.04.2019;201,12;202,82;201,12;202,10;190
  04.04.2019;201,54;202,22;201,54;201,87;140
  05.04.2019;202,14;202,66;201,35;202,40;299
  08.04.2019;202,59;203,05;201,68;202,50;469
  09.04.2019;202,06;203,09;201,56;202,22;106
  10.04.2019;201,80;202,96;201,77;202,66;440
  11.04.2019;203,17;203,17;202,37;202,37;118
  12.04.2019;201,31;202,77;201,31;202,30;285
  15.04.2019;202,09;203,06;201,85;201,85;155
  16.04.2019;202,79;203,06;201,57;202,31;104
  17.04.2019;203,10;203,10;201,63;202,29;79
  18.04.2019;201,93;203,28;201,81;202,54;101
  23.04.2019;202,51;203,87;202,49;203,13;311
  24.04.2019;203,26;204,00;202,96;202,96;462
  25.04.2019;203,18;203,76;202,01;203,36;109
  26.04.2019;203,33;204,21;202,50;203,45;19
  29.04.2019;204,09;204,15;203,63;203,63;277
  30.04.2019;203,63;204,00;203,13;203,13;305
  02.05.2019;202,75;203,40;202,02;202,26;293
  03.05.2019;202,15;204,36;202,15;203,19;381
  06.05.2019;202,60;202,60;201,59;201,59;370
  07.05.2019;201,64;202,46;198,51;198,75;2.226
  08.05.2019;199,22;200,18;199,22;200,18;2
  09.05.2019;199,83;199,83;197,99;198,56;94
  10.05.2019;199,72;199,72;198,21;198,21;106
  13.05.2019;198,00;198,46;195,75;196,30;540
  14.05.2019;194,94;198,49;194,17;197,90;2.555
  15.05.2019;197,56;198,72;196,29;198,05;247
  16.05.2019;198,18;199,48;198,18;198,74;30
  17.05.2019;199,00;199,70;199,00;199,05;162
  20.05.2019;198,90;199,09;198,05;198,05;342
  21.05.2019;198,84;199,65;198,50;198,88;1.148
  22.05.2019;198,41;199,86;197,84;198,50;109
  23.05.2019;198,70;199,11;196,86;196,86;130
  24.05.2019;197,35;197,98;197,04;197,14;78
  27.05.2019;197,36;198,30;197,25;197,25;423
  28.05.2019;197,67;197,96;196,80;197,40;379
  29.05.2019;196,79;197,48;195,69;197,24;468
  30.05.2019;197,64;197,64;195,99;196,56;1.161
  31.05.2019;196,15;197,50;196,15;197,08;382
  03.06.2019;197,16;197,69;195,94;197,22;637
  04.06.2019;197,32;197,32;196,23;196,82;210
  05.06.2019;197,03;198,29;197,02;197,76;291
  06.06.2019;198,33;198,96;197,38;197,38;64
  07.06.2019;196,64;199,20;196,64;198,62;113
  10.06.2019;199,17;199,73;198,48;199,47;146
  11.06.2019;199,62;200,71;199,38;199,38;47
  12.06.2019;198,39;199,60;198,22;198,69;22
  13.06.2019;198,49;199,32;198,49;199,32;323
  14.06.2019;199,72;199,74;199,26;199,26;101
  17.06.2019;198,96;199,78;198,24;199,78;469
  18.06.2019;200,12;201,22;200,12;201,22;406
  19.06.2019;202,38;202,84;201,40;202,26;429
  20.06.2019;202,58;203,79;202,55;202,55;344
  21.06.2019;203,53;203,53;202,17;202,60;131
  24.06.2019;202,48;203,35;201,81;201,81;206
  25.06.2019;202,15;202,15;201,53;201,53;89
  26.06.2019;201,85;202,43;201,57;201,57;138
  27.06.2019;202,00;202,68;201,32;202,08;296
  28.06.2019;201,51;202,76;201,51;202,32;45
  01.07.2019;203,33;204,35;203,33;203,76;391
  02.07.2019;204,61;205,03;203,37;204,46;297
  03.07.2019;205,13;205,81;204,02;205,14;653
  04.07.2019;205,00;206,40;205,00;205,79;176
  05.07.2019;204,95;205,89;204,95;205,36;59
  08.07.2019;206,13;206,13;204,85;204,85;386
  09.07.2019;202,83;205,20;202,83;204,71;653
  10.07.2019;205,24;205,67;204,20;205,00;117
  11.07.2019;205,51;205,69;205,51;205,69;138
  12.07.2019;205,38;206,25;205,30;205,30;167
  15.07.2019;205,44;205,90;204,63;205,36;694
  16.07.2019;205,64;206,01;204,84;205,78;116
  17.07.2019;206,01;206,01;205,65;205,65;30
  18.07.2019;205,54;205,66;204,94;204,94;109
  19.07.2019;206,28;206,28;205,05;205,39;49
  22.07.2019;204,85;206,19;204,85;205,45;225
  23.07.2019;204,94;206,60;204,94;206,08;301
  24.07.2019;206,76;206,78;206,25;206,25;83
  25.07.2019;207,00;207,32;206,48;206,48;556
  26.07.2019;206,70;206,93;206,51;206,51;126
  29.07.2019;206,53;206,86;206,49;206,49;249
  30.07.2019;205,97;207,06;205,77;205,77;239
  31.07.2019;205,42;206,63;204,00;205,80;1.642
  01.08.2019;204,80;206,00;204,80;205,74;699
  02.08.2019;204,67;204,67;203,19;203,19;679
  05.08.2019;201,26;202,37;200,45;201,58;798
  06.08.2019;198,30;199,20;197,60;198,62;1.108
  07.08.2019;199,18;200,90;198,67;199,13;2.835
  08.08.2019;199,76;202,17;199,76;201,10;491
  09.08.2019;201,80;203,22;201,80;202,51;146
  12.08.2019;200,57;200,77;198,94;199,53;277
  13.08.2019;199,55;200,57;199,34;199,34;132
  14.08.2019;200,49;200,49;198,72;198,72;86
  15.08.2019;197,43;198,83;196,65;198,02;736
  16.08.2019;197,50;201,29;197,50;200,67;317
  19.08.2019;201,85;202,46;200,57;200,99;267
  20.08.2019;201,79;201,81;200,93;200,93;307
  21.08.2019;200,53;201,73;200,49;201,51;55
  22.08.2019;201,75;202,28;200,70;200,99;101
  23.08.2019;201,65;201,65;200,09;200,09;60
  26.08.2019;197,87;199,95;197,87;199,35;383
  27.08.2019;199,29;200,70;199,29;200,18;345
  28.08.2019;200,28;200,75;199,92;200,75;55
  29.08.2019;201,17;202,41;200,60;201,98;169
  30.08.2019;202,30;203,51;202,30;202,82;487
  02.09.2019;203,31;204,41;202,68;203,70;880
  03.09.2019;203,54;203,99;202,77;203,24;14
  04.09.2019;203,71;204,91;203,02;204,14;430
  05.09.2019;204,69;206,14;204,26;205,47;49
  06.09.2019;206,27;206,50;205,06;205,33;251
  09.09.2019;206,28;206,48;204,78;205,55;457
  10.09.2019;205,96;206,11;204,86;205,52;33
  11.09.2019;205,60;206,83;205,60;206,50;83
  12.09.2019;206,52;207,53;206,52;206,93;164
  13.09.2019;206,89;207,80;206,69;206,69;28
  16.09.2019;206,60;207,32;205,78;207,07;126
  17.09.2019;206,76;208,16;206,74;207,54;246
  18.09.2019;207,96;208,27;206,64;206,94;158
  19.09.2019;207,67;208,02;206,37;207,01;73
  20.09.2019;206,47;207,79;206,47;207,39;23
  23.09.2019;206,18;208,05;206,18;208,05;73
  24.09.2019;208,28;208,84;207,53;207,53;205
  25.09.2019;207,31;207,63;207,27;207,63;28
  26.09.2019;208,33;208,33;207,98;207,98;2
  27.09.2019;207,73;208,60;207,28;207,54;261
  30.09.2019;207,46;208,37;206,90;207,63;48
  01.10.2019;208,48;208,48;206,95;206,95;103
  02.10.2019;206,07;206,77;204,11;204,76;728
  03.10.2019;203,79;205,59;203,79;204,16;291
  04.10.2019;204,82;206,18;204,50;205,34;153
  07.10.2019;207,30;207,30;205,00;205,88;332
  08.10.2019;206,21;206,33;204,78;204,78;107
  09.10.2019;205,47;205,47;204,82;204,82;46
  10.10.2019;205,33;205,48;203,85;205,09;278
  11.10.2019;206,24;207,17;205,59;206,90;1.572
  14.10.2019;207,84;207,84;206,01;206,44;375
  15.10.2019;206,98;207,76;206,15;207,29;264
  16.10.2019;208,04;208,12;206,76;207,02;594
  17.10.2019;206,56;207,88;206,56;206,67;58
  18.10.2019;206,11;206,11;206,11;206,11;0
  21.10.2019;206,25;207,66;206,07;206,07;180
  22.10.2019;206,05;206,86;205,78;206,86;81
  23.10.2019;206,78;207,04;205,95;207,04;105
  24.10.2019;207,00;208,25;206,88;207,64;290
  25.10.2019;208,18;208,71;207,06;208,17;84
  28.10.2019;209,50;209,99;208,30;208,86;1.157
  29.10.2019;208,27;209,94;208,21;208,91;282
  30.10.2019;209,20;209,39;208,24;208,74;120
  31.10.2019;209,55;210,03;207,91;207,91;337
  01.11.2019;208,86;209,39;208,86;208,87;130
  04.11.2019;210,22;210,77;208,82;210,25;696
  05.11.2019;210,06;211,58;210,06;210,95;393
  06.11.2019;211,14;211,92;210,56;211,09;689
  07.11.2019;211,43;212,00;210,92;211,78;1.057
  08.11.2019;211,57;212,83;211,31;211,31;423
  11.11.2019;211,94;211,94;210,56;210,56;674
  12.11.2019;211,38;211,50;210,33;210,59;164
  13.11.2019;210,27;210,46;210,09;210,09;322
  14.11.2019;210,15;210,60;209,38;210,29;182
  15.11.2019;210,20;211,55;210,20;210,60;370
  18.11.2019;210,69;211,42;210,29;210,43;432
  19.11.2019;210,81;211,36;210,81;211,17;200
  20.11.2019;210,10;210,98;209,85;209,98;943
  21.11.2019;210,02;210,09;209,24;209,24;125
  22.11.2019;209,64;210,54;209,52;210,06;62
  25.11.2019;211,45;211,97;210,10;211,46;892
  26.11.2019;212,00;212,11;210,75;211,30;194
  27.11.2019;212,08;212,69;211,61;212,13;665
  28.11.2019;212,79;212,86;211,55;211,55;109
  29.11.2019;211,73;212,48;210,20;210,75;1.153
  02.12.2019;210,94;211,51;209,42;209,42;642
  03.12.2019;209,38;209,99;207,45;208,01;246
  04.12.2019;208,28;209,56;207,50;208,67;343
  05.12.2019;209,59;210,47;209,34;209,40;482
  06.12.2019;210,17;210,78;209,17;210,10;197
  09.12.2019;211,04;211,04;209,59;210,44;463
  10.12.2019;210,67;211,78;209,31;210,28;702
  11.12.2019;209,84;210,66;209,34;210,66;506
  12.12.2019;211,14;211,31;210,34;211,31;363
  13.12.2019;211,81;213,26;211,09;212,16;258
  16.12.2019;213,00;214,14;212,53;213,62;655
  17.12.2019;213,81;214,80;212,56;213,99;70
  18.12.2019;214,29;214,76;213,50;214,38;511
  19.12.2019;214,42;215,94;213,74;214,76;849
  20.12.2019;214,68;215,81;214,46;214,96;330
  23.12.2019;215,37;216,12;214,32;215,62;698
  27.12.2019;216,91;218,01;215,00;216,15;1.843
  30.12.2019;215,54;216,62;215,00;215,99;1.058
  02.01.2020;215,12;216,73;215,00;215,46;1.108
  03.01.2020;216,25;216,53;215,00;216,53;593
  06.01.2020;215,96;216,24;215,06;215,46;260
  07.01.2020;216,57;216,61;215,20;215,67;474
  08.01.2020;215,18;216,99;215,18;216,12;259
  09.01.2020;216,63;217,50;216,36;217,24;661
  10.01.2020;218,07;218,10;216,99;217,58;269
  13.01.2020;217,19;218,28;217,10;217,62;1.458
  14.01.2020;218,37;218,43;217,03;217,78;966
  15.01.2020;217,00;218,02;217,00;217,50;1.419
  16.01.2020;218,20;218,76;216,63;217,44;1.199
  17.01.2020;218,31;218,97;217,60;218,45;183
  20.01.2020;218,99;219,58;218,43;218,96;402
  21.01.2020;218,47;219,28;217,20;217,81;1.059
  22.01.2020;218,93;219,25;218,12;218,14;722
  23.01.2020;218,70;218,99;217,00;217,38;457
  24.01.2020;217,95;218,44;216,95;217,18;333
  27.01.2020;217,01;217,01;214,55;214,55;664
  28.01.2020;216,18;216,59;214,65;216,27;947
  29.01.2020;216,49;216,98;216,23;216,23;232
  30.01.2020;214,45;215,29;214,14;214,41;225
  31.01.2020;214,97;214,97;211,70;212,56;841
  03.02.2020;213,24;213,29;212,16;212,37;1.127
  04.02.2020;213,82;214,68;212,72;214,51;469
  05.02.2020;214,81;216,65;214,66;215,81;332
  06.02.2020;216,70;217,36;216,14;217,10;188
  07.02.2020;217,14;217,54;216,22;216,84;234
  10.02.2020;216,77;217,40;216,35;216,76;553
  11.02.2020;218,00;219,22;217,51;218,36;658
  12.02.2020;219,21;220,11;218,56;219,16;2.256
  13.02.2020;219,57;219,85;218,07;219,85;293
  14.02.2020;220,19;220,35;219,20;219,98;83
  17.02.2020;220,50;220,93;219,80;220,39;161
  18.02.2020;220,86;220,86;219,12;219,63;135
  19.02.2020;219,67;221,50;219,41;220,94;137
  20.02.2020;220,48;221,35;220,18;220,18;784
  21.02.2020;219,20;219,41;218,34;218,34;226
  24.02.2020;216,83;216,85;213,03;215,03;2.403
  25.02.2020;213,41;214,82;212,20;212,50;1.172
  26.02.2020;210,29;212,52;208,62;210,81;6.914
  27.02.2020;210,51;210,51;201,40;205,26;3.951
  28.02.2020;200,00;203,61;196,60;201,90;4.770
  02.03.2020;200,66;205,46;198,63;203,75;5.654
  03.03.2020;204,89;207,00;204,54;204,54;1.582
  04.03.2020;204,23;207,70;204,00;206,47;1.478
  05.03.2020;208,95;208,98;203,92;204,05;1.073
  06.03.2020;202,44;203,42;198,40;199,51;1.441
  09.03.2020;193,23;196,88;191,68;192,85;1.783
  10.03.2020;189,10;196,63;189,10;191,64;5.952
  11.03.2020;192,92;194,86;190,00;190,39;2.023
  12.03.2020;183,34;184,09;175,92;180,12;2.668
  13.03.2020;176,15;184,51;176,15;181,50;1.347
  16.03.2020;179,66;181,00;170,93;175,14;2.367
  17.03.2020;170,25;176,45;170,25;171,54;527
  18.03.2020;173,90;174,35;168,20;169,31;974
  19.03.2020;168,05;173,17;168,05;171,66;1.398
  20.03.2020;176,06;177,36;174,11;175,77;638
  23.03.2020;174,70;174,70;169,00;172,14;1.770
  24.03.2020;175,88;177,89;173,51;177,54;2.556
  25.03.2020;180,00;183,20;179,42;182,16;1.109
  26.03.2020;177,31;182,95;177,31;182,46;240
  27.03.2020;183,00;183,00;179,99;182,08;496
  30.03.2020;181,08;182,46;180,00;180,95;655
  31.03.2020;181,44;183,72;180,87;182,77;477
  01.04.2020;182,13;182,47;177,77;179,51;1.373
  02.04.2020;178,20;180,99;178,20;179,94;227
  03.04.2020;180,24;181,42;180,24;180,53;11
  06.04.2020;180,55;186,54;180,55;185,57;1.582
  07.04.2020;188,93;189,80;187,00;188,25;1.192
  08.04.2020;188,82;189,50;185,66;187,81;464
  09.04.2020;189,65;191,42;188,61;189,91;1.140
  14.04.2020;190,58;192,95;189,17;189,17;338
  15.04.2020;189,60;192,42;188,63;188,63;1.018
  16.04.2020;187,26;190,13;187,26;188,96;166
  17.04.2020;189,25;192,00;188,31;192,00;358
  20.04.2020;193,86;193,86;190,71;191,77;521
  21.04.2020;190,20;191,28;187,51;187,89;563
  22.04.2020;186,85;190,61;186,85;188,63;92
  23.04.2020;188,44;190,00;188,43;190,00;16
  24.04.2020;191,23;191,23;188,40;190,33;46
  27.04.2020;190,50;193,32;190,50;191,28;217
  28.04.2020;191,96;194,10;190,53;192,41;793
  29.04.2020;193,80;195,60;191,12;194,68;191
  30.04.2020;195,38;196,51;192,78;192,89;414
  04.05.2020;191,17;191,55;188,78;190,21;277
  05.05.2020;189,59;191,92;189,58;191,92;35
  06.05.2020;192,88;193,61;190,91;192,92;143
  07.05.2020;192,07;194,52;191,47;193,50;211
  08.05.2020;194,08;195,10;192,26;194,32;319
  11.05.2020;194,95;195,14;192,81;195,14;462
  12.05.2020;194,78;196,43;193,67;194,41;12
  13.05.2020;194,63;194,63;192,00;192,57;65
  14.05.2020;191,13;192,63;188,10;191,45;778
  15.05.2020;192,54;193,70;190,80;192,39;268
  18.05.2020;192,67;194,79;192,67;194,25;463
  19.05.2020;194,78;196,45;193,49;195,01;348
  20.05.2020;195,65;196,19;195,28;195,28;80
  21.05.2020;196,89;196,89;195,15;195,15;30
  22.05.2020;192,60;195,25;192,60;193,93;113
  25.05.2020;195,39;196,28;193,10;195,32;168
  26.05.2020;197,20;197,90;194,46;196,59;485
  27.05.2020;197,80;198,20;195,30;196,67;98
  28.05.2020;198,70;198,70;195,67;196,96;51
  29.05.2020;196,95;197,01;194,61;195,03;139
  01.06.2020;196,80;197,10;195,40;197,10;131
  02.06.2020;196,21;198,70;195,81;197,46;221
  03.06.2020;198,73;199,92;197,69;199,92;876
  04.06.2020;200,16;200,59;198,50;199,06;697
  05.06.2020;198,63;201,71;198,63;201,71;554
  08.06.2020;201,57;203,62;200,08;202,39;1.214
  09.06.2020;202,22;203,50;202,22;202,51;131
  10.06.2020;203,00;203,00;200,91;201,11;236
  11.06.2020;200,11;200,11;195,13;196,31;672
  12.06.2020;198,30;198,30;196,49;196,85;161
  15.06.2020;196,17;198,08;194,10;196,71;1.336
  16.06.2020;199,53;200,29;197,37;198,74;155
  17.06.2020;198,75;201,00;198,75;201,00;20
  18.06.2020;199,37;200,09;198,49;200,09;156
  19.06.2020;200,00;203,00;200,00;201,58;156
  22.06.2020;202,60;202,60;199,73;201,35;95
  23.06.2020;202,02;203,99;201,00;202,87;118
  24.06.2020;203,00;203,00;198,70;200,01;8
  25.06.2020;198,00;201,35;198,00;199,60;20
  26.06.2020;200,27;202,51;199,77;200,09;471
  29.06.2020;196,39;201,18;196,39;199,63;78
  30.06.2020;200,42;201,20;198,60;200,55;76
  01.07.2020;202,43;202,43;200,04;201,70;91
  02.07.2020;200,05;202,60;200,05;202,30;275
  03.07.2020;202,66;205,10;202,66;203,73;64
  06.07.2020;204,04;206,10;202,77;206,10;374
  07.07.2020;205,15;207,34;204,03;205,85;202
  08.07.2020;204,09;207,10;204,09;206,25;183
  09.07.2020;207,00;207,00;203,91;205,21;535
  10.07.2020;205,19;207,10;204,06;206,16;1.435
  13.07.2020;206,74;208,88;206,17;207,57;723
  14.07.2020;205,64;206,73;203,91;205,37;495
  15.07.2020;207,40;207,40;206,08;206,08;30
  16.07.2020;203,81;206,65;203,81;205,31;216
  17.07.2020;205,60;207,20;204,22;205,73;132
  20.07.2020;204,50;206,75;204,49;206,00;242
  21.07.2020;206,04;208,59;205,82;207,69;481
  22.07.2020;208,00;208,00;205,78;206,51;64
  23.07.2020;206,95;208,00;204,88;206,08;22
  24.07.2020;204,69;205,70;203,22;204,08;147
  27.07.2020;203,06;203,93;202,80;203,38;42
  28.07.2020;205,88;205,88;202,91;203,38;1.156
  29.07.2020;204,48;204,48;204,23;204,23;100
  30.07.2020;205,29;205,29;200,50;202,28;103
  31.07.2020;203,24;203,24;201,33;201,33;15
  03.08.2020;202,01;204,00;202,01;203,58;245
  04.08.2020;205,29;205,29;204,09;204,09;20
  05.08.2020;204,15;205,99;204,00;205,06;1.223
  06.08.2020;205,99;205,99;203,82;205,14;67
  07.08.2020;204,64;206,00;204,16;205,08;156
  10.08.2020;204,40;206,00;204,19;205,00;134
  11.08.2020;206,00;206,00;205,13;205,65;91
  12.08.2020;205,31;208,00;205,31;206,77;185
  13.08.2020;206,91;207,99;205,59;206,35;171
  14.08.2020;205,24;206,92;204,23;205,87;31
  17.08.2020;205,03;206,55;204,80;206,45;759
  18.08.2020;206,99;207,65;205,28;206,29;81
  19.08.2020;206,65;206,65;204,86;206,32;122
  20.08.2020;203,85;206,42;203,85;205,74;88
  21.08.2020;207,02;207,02;204,72;205,82;46
  24.08.2020;206,23;207,87;205,94;207,87;252
  25.08.2020;207,38;208,00;206,15;207,69;310
  26.08.2020;206,87;209,44;206,87;208,68;97
